catch_id,catch_s_id,catch_latitude,catch_longitude,average_length,average_weight,,,,,,
1815,1,32.4137,-97.693,24,0.687,,,,,,
1442,1,31.90524151,-93.24213818,24,0.687,,,,,,
1138,1,30.2507,-97.7129,24,0.687,,,,,,
1312,3,43.9516,-76.1157,16.2,0.861,,,,,,
558,3,42.9047,-91.1031,16.2,0.861,,,,,,
940,3,36.8888,-76.1655,16.2,0.861,,,,,,
661,4,38.63485073,-121.2198013,19.6,0.948,,,,,,
527,5,42.20789949,-72.25136145,23,1.035,,,,,,
686,5,39.6526,-105.189,23,1.035,,,,,,
410,5,36.3029,-81.5094,23,1.035,,,,,,
179,5,35.475,-83.3343,23,1.035,,,,,,
1081,10,37.24764,-76.38245,40,1.47,,,,,,
1755,16,39.4254562,-94.5579093,60.4,0.407,,,,,,
34943,17,45.9939,-95.9767,63.8,0.427,,,,,,
193,17,45.0478,-92.8221,63.8,0.427,,,,,,
760,17,42.7983,-89.9704,63.8,0.427,,,,,,
1211,17,42.0996,-84.2244,63.8,0.427,,,,,,`
1805,17,40.3564,-111.8465,63.8,0.427,,,,,,
1240,17,40.1462,-111.7977,63.8,0.427,,,,,,
34966,18,48.14058983,-94.63207586,67.2,0.447,,,,,,
297,18,47.6356,-122.3398,67.2,0.447,,,,,,
35830,18,46.6131117,-94.2312467,67.2,0.447,,,,,,
35765,18,46.6000781,-94.3170063,67.2,0.447,,,,,,
34962,18,46.28373569,-94.07044939,67.2,0.447,,,,,,
109,18,46.2123,-94.5502,67.2,0.447,,,,,,
35569,18,45.3182,-123.9177,67.2,0.447,,,,,,
979,18,43.59218427,-97.17012105,67.2,0.447,,,,,,
1188,18,43.3294,-91.7865,67.2,0.447,,,,,,
411,18,43.13801983,-93.37936977,67.2,0.447,,,,,,
1662,18,43.1299,-71.4452,67.2,0.447,,,,,,
1087,18,43.1107,-90.0093,67.2,0.447,,,,,,
1855,18,42.3969986,-77.0755023,67.2,0.447,,,,,,
35803,18,41.6947,-86.2655,67.2,0.447,,,,,,
34998,18,41.1193,-98.5472,67.2,0.447,,,,,,
1480,18,41.01932004,-98.89150326,67.2,0.447,,,,,,
1046,18,40.729965,-82.7713541,67.2,0.447,,,,,,
34999,18,40.52461155,-74.39998588,67.2,0.447,,,,,,
35563,18,40.41119476,-74.23944645,67.2,0.447,,,,,,
35168,18,39.73461246,-74.2648721,67.2,0.447,,,,,,
571,18,39.6565,-74.1693,67.2,0.447,,,,,,
1132,18,39.4076,-88.2345,67.2,0.447,,,,,,
35605,18,38.68707344,-77.25657953,67.2,0.447,,,,,,
354,18,37.91331224,-90.55368034,67.2,0.447,,,,,,
1561,18,34.3508,-84.8513,67.2,0.447,,,,,,
735,18,35.9524,-79.7514,67.2,0.447,,,,,,
1034,18,31.1732,-97.4576,67.2,0.447,,,,,,
618,19,39.1121,-74.8993,70.6,0.467,,,,,,
1004,19,32.4566,-80.6934,70.6,0.467,,,,,,
35690,19,28.5228,-96.5042,70.6,0.467,,,,,,
1622,19,28.1319,-96.9735,70.6,0.467,,,,,,
884,19,10,-25,70.6,0.467,,,,,,
1062,22,38.335,-75.0844,80.8,0.527,,,,,,
1519,25,30.3330106,-89.20362117,91,0.587,,,,,,
35178,26,44.7814,-94.4189,94.4,0.607,,,,,,
577,26,40.1628,-82.4518,94.4,0.607,,,,,,
863,26,39.3742,-76.3392,94.4,0.607,,,,,,
442,26,38.8595,-77.0239,94.4,0.607,,,,,,
1839,26,38.5407,-85.7681,94.4,0.607,,,,,,
35593,26,38.2207,-92.7734,94.4,0.607,,,,,,
881,26,37.3121,-77.1373,94.4,0.607,,,,,,
35654,26,36.5988,-78.3001,94.4,0.607,,,,,,
35536,26,36.5985,-78.2988,94.4,0.607,,,,,,
35425,26,36.5985,-78.2971,94.4,0.607,,,,,,
35342,26,36.1564,-115.0979,94.4,0.607,,,,,,
722,26,35.0812,-81.6782,94.4,0.607,,,,,,
589,26,35.84508949,-83.41737978,94.4,0.607,,,,,,
35470,26,35.861,-84.1242,94.4,0.607,,,,,,
1761,26,33.51909553,-80.43568526,94.4,0.607,,,,,,
34990,26,33.21086102,-80.05637886,94.4,0.607,,,,,,
35650,26,32.7005,-97.7747,94.4,0.607,,,,,,
35219,26,31.887,-97.3581,94.4,0.607,,,,,,
980,26,31.0996,-98.5117,94.4,0.607,,,,,,
1135,26,29.58504208,-95.24199338,94.4,0.607,,,,,,
34996,26,29.4952,-95.5286,94.4,0.607,,,,,,
35645,26,-18.4785,-70.3218,94.4,0.607,,,,,,
585,27,18.4787,-66.0556,97.8,0.627,,,,,,
1784,31,39.8244,-74.0893,111.4,0.707,,,,,,
41,32,NULL,NULL,114.8,0.727,,,,,,
733,32,47.1121,-122.6075,18.75,0.2,,,,,,
1974,32,45.1297,-85.6162,18.75,0.2,,,,,,
819,32,43.27256689,-76.2071476,18.75,0.2,,,,,,
1581,32,43.0133,-90.106,18.75,0.2,,,,,,
1671,32,42.98611894,-88.19786488,18.75,0.2,,,,,,
1962,32,42.4955,-76.5384,18.75,0.2,,,,,,
1961,32,42.4953,-76.5381,18.75,0.2,,,,,,
1379,32,42.3836,-122.9072,18.75,0.2,,,,,,
1401,32,42.3042,-122.8484,18.75,0.2,,,,,,
1185,32,41.9028,-91.9197,18.75,0.2,,,,,,
1890,32,41.6035,-71.1016,18.75,0.2,,,,,,
1009,32,40.2967,-74.0034,18.75,0.2,,,,,,
1311,32,39.8505,-74.1773,18.75,0.2,,,,,,
795,32,39.8466,-74.2125,18.75,0.2,,,,,,
1008,32,39.8386,-74.2096,18.75,0.2,,,,,,
1080,32,39.8347,-74.2021,18.75,0.2,,,,,,
1616,32,39.6079,-86.0756,18.75,0.2,,,,,,
1872,32,39.6079,-86.0756,18.75,0.2,,,,,,
809,32,39.3195377,-110.9673559,18.75,0.2,,,,,,
582,32,39.3097,-76.4356,18.75,0.2,,,,,,
650,32,38.8321,-78.5464,18.75,0.2,,,,,,
523,32,38.4089,-90.5701,18.75,0.2,,,,,,
441,32,37.91335342,-90.55444284,18.75,0.2,,,,,,
1103,32,37.1397,-81.4985,18.75,0.2,,,,,,
1746,32,36.9194,-76.1459,18.75,0.2,,,,,,
126,32,36.0886,-82.8449,18.75,0.2,,,,,,
1042,32,36.0258,-86.0426,18.75,0.2,,,,,,
108,32,34.0589,-84.675,18.75,0.2,,,,,,
461,32,34.1016,-118.3325,18.75,0.2,,,,,,
1418,32,34.1649,-84.1323,18.75,0.2,,,,,,
279,32,35.05407974,-78.87779912,18.75,0.2,,,,,,
1794,32,35.0582,-88.8879,18.75,0.2,,,,,,
35103,32,35.0947,-114.1876,18.75,0.2,,,,,,
835,32,35.2239,-82.4175,18.75,0.2,,,,,,
545,32,35.939,-86.8645,18.75,0.2,,,,,,
226,32,33.967,-118.0492,18.75,0.2,,,,,,
35815,32,33.8603,-84.4705,18.75,0.2,,,,,,
287,32,33.85996914,-117.2030997,18.75,0.2,,,,,,
1942,32,33.22804346,-96.68341901,18.75,0.2,,,,,,
364,32,32.3509,-98.0103,18.75,0.2,,,,,,
1057,32,32.28264351,-106.7425744,18.75,0.2,,,,,,
35431,32,30.6402,-88.2772,18.75,0.2,,,,,,
413,32,29.9621,-101.1479,18.75,0.2,,,,,,
1378,32,29.58506031,-95.24231841,18.75,0.2,,,,,,
34971,34,26.5446081,-80.1337186,121.6,1.2466,,,,,,
997,34,24.5853,-81.6928,121.6,1.2466,,,,,,
1214,35,44.1851,-73.3101,125,1.284,,,,,,
1989,35,42.2244,-84.3509,125,1.284,,,,,,
622,35,35.6989,-78.1399,125,1.284,,,,,,
1529,35,32.7042,-80.8267,125,1.284,,,,,,
1448,35,31.38047823,-93.61822815,125,1.284,,,,,,
35448,38,50.2985,-96.8444,135.2,1.3962,,,,,,
693,38,47.89410328,-122.2077818,135.2,1.3962,,,,,,
35928,38,38.6697,-75.0115,135.2,1.3962,,,,,,
35704,39,43.5014,-78.7299,138.6,1.4336,,,,,,
35922,39,43.438,-78.8356,138.6,1.4336,,,,,,
35697,39,40.6437,-80.0584,138.6,1.4336,,,,,,
1975,39,31.3282036,-93.4086747,138.6,1.4336,,,,,,
787,42,26.1402,-80.4151,148.8,1.5458,,,,,,
514,42,21.9436,-159.4939,148.8,1.5458,,,,,,
35772,43,33.93062,-118.43576,152.2,1.5832,,,,,,
911,44,26.13631629,-97.17371805,155.6,1.6206,,,,,,
1187,44,26.10548554,-97.17100677,155.6,1.6206,,,,,,
1015,47,44.00783764,-76.04436555,165.8,1.7328,,,,,,
709,47,43.0082,-88.2291,165.8,1.7328,,,,,,
626,47,42.1031,-76.1796,165.8,1.7328,,,,,,
1455,47,41.4435,-73.9233,165.8,1.7328,,,,,,
814,47,41.36761115,-75.3197281,165.8,1.7328,,,,,,
725,47,39.7805,-75.0547,165.8,1.7328,,,,,,
1494,47,37.4482,-76.5336,165.8,1.7328,,,,,,
1700,48,67.4274,-136.9105,44.5,1.35,,,,,,
1307,48,61.8161,-148.6453,44.5,1.35,,,,,,
1348,48,61.8161,-148.6453,44.5,1.35,,,,,,
35441,48,50.1093,-98.3803,44.5,1.35,,,,,,
1052,48,43.55,-96.7003,44.5,1.35,,,,,,
667,48,43.2584,-77.6022,44.5,1.35,,,,,,
670,48,43.2584,-77.6022,44.5,1.35,,,,,,
1596,48,43.0578,-86.1774,44.5,1.35,,,,,,
559,48,42.9047,-91.1031,44.5,1.35,,,,,,
663,48,42.9046,-91.103,44.5,1.35,,,,,,
805,48,42.5948,-100.9327,44.5,1.35,,,,,,
1089,48,42.5698,-79.1107,44.5,1.35,,,,,,
396,48,42.34779995,-88.87176877,44.5,1.35,,,,,,
1646,48,42.1103,-102.8724,44.5,1.35,,,,,,
1184,48,41.9763,-91.6738,44.5,1.35,,,,,,
1238,48,41.9576461,-91.7241251,44.5,1.35,,,,,,
35908,48,41.7505,-81.0306,44.5,1.35,,,,,,
349,48,41.5061,-83.1535,44.5,1.35,,,,,,
1209,48,41.29732444,-94.07170194,44.5,1.35,,,,,,
1208,48,41.29732227,-94.07157953,44.5,1.35,,,,,,
1045,48,41.1433,-81.1331,44.5,1.35,,,,,,
361,48,40.9051,-78.2193,44.5,1.35,,,,,,
35900,48,40.8845,-90.7792,44.5,1.35,,,,,,
588,48,40.3445,-111.9092,44.5,1.35,,,,,,
1774,48,40.2553,-74.8455,44.5,1.35,,,,,,
35710,48,40.21781054,-74.76045213,44.5,1.35,,,,,,
491,48,40.0462,-75.0345,44.5,1.35,,,,,,
1766,48,39.3352,-82.9686,44.5,1.35,,,,,,
1638,48,39.2592,-76.521,44.5,1.35,,,,,,
35383,48,38.96384,-94.49349,44.5,1.35,,,,,,
456,48,38.84409825,-94.84256725,44.5,1.35,,,,,,
454,48,38.8440023,-94.8411974,44.5,1.35,,,,,,
1732,48,38.6369,-121.221,44.5,1.35,,,,,,
1735,48,38.6367,-121.2214,44.5,1.35,,,,,,
549,48,37.0864,-79.5566,44.5,1.35,,,,,,
1474,48,37.0807,-79.0962,44.5,1.35,,,,,,
1477,48,37.0807,-79.0962,44.5,1.35,,,,,,
227,48,36.8171,-107.9945,44.5,1.35,,,,,,
1625,48,36.2507,-84.1711,44.5,1.35,,,,,,
1965,48,34.1513,-84.9174,44.5,1.35,,,,,,
692,48,34.3067,-83.876,44.5,1.35,,,,,,
35036,48,35.1869,-101.8762,44.5,1.35,,,,,,
925,48,35.4453,-93.5097,44.5,1.35,,,,,,
35535,48,35.65917162,-118.435819,44.5,1.35,,,,,,
35035,48,35.90055309,-77.88296657,44.5,1.35,,,,,,
35221,48,33.1586,-111.5497,44.5,1.35,,,,,,
769,48,32.49465095,-106.9220366,44.5,1.35,,,,,,
466,48,31.9938,-98.4594,44.5,1.35,,,,,,
35083,48,31.75243292,-106.4034929,44.5,1.35,,,,,,
35237,48,31.6445,-94.6465,44.5,1.35,,,,,,
834,48,31.413,-83.329,44.5,1.35,,,,,,
1197,48,30.563,-84.2335,44.5,1.35,,,,,,
1286,48,29.822,-90.4807,44.5,1.35,,,,,,
987,48,29.4958,-95.0169,44.5,1.35,,,,,,
48,52,44.78529719,-93.58177529,13.6,0.2288,,,,,,
35905,52,44.51684931,-78.50175167,13.6,0.2288,,,,,,
697,52,43.8104,-122.4104,13.6,0.2288,,,,,,
1146,52,43.0077,-88.2339,13.6,0.2288,,,,,,
758,52,42.7983,-89.9704,13.6,0.2288,,,,,,
759,52,42.7983,-89.9704,13.6,0.2288,,,,,,
1644,52,42.5971,-71.2897,13.6,0.2288,,,,,,
844,52,41.3436,-88.8406,13.6,0.2288,,,,,,
35533,52,41.13760571,-85.11028725,13.6,0.2288,,,,,,
34946,52,41.13746621,-85.11017979,13.6,0.2288,,,,,,
1190,52,40.2585,-80.0475,13.6,0.2288,,,,,,
578,52,40.1628,-82.4518,13.6,0.2288,,,,,,
382,52,40.0319,-75.0569,13.6,0.2288,,,,,,
1084,52,39.6072,-77.2864,13.6,0.2288,,,,,,
386,52,39.2225,-76.6294,13.6,0.2288,,,,,,
616,52,39.0309,-74.9106,13.6,0.2288,,,,,,
617,52,39.0193,-74.919,13.6,0.2288,,,,,,
672,52,37.4119,-95.3425,13.6,0.2288,,,,,,
321,52,36.2706834,-79.9271077,13.6,0.2288,,,,,,
373,52,35.88535641,-84.30019694,13.6,0.2288,,,,,,
770,52,33.2641,-111.849,13.6,0.2288,,,,,,
702,52,33.1487,-107.1847,13.6,0.2288,,,,,,
35539,52,31.8874,-97.3585,13.6,0.2288,,,,,,
1579,52,31.44837884,-93.60643363,13.6,0.2288,,,,,,
1446,52,31.43768522,-93.61311518,13.6,0.2288,,,,,,
583,52,30.6303,-95.0105,13.6,0.2288,,,,,,
570,54,29.0733759,-82.208628,15.1,0.3552,,,,,,
1218,60,41.9777,-102.30542,19.6,0.7344,,,,,,
1000,60,41.5281,-90.4454,19.6,0.7344,,,,,,
1241,60,40.4814,-80.0506,19.6,0.7344,,,,,,
1136,60,40.3081,-79.3903,19.6,0.7344,,,,,,
957,60,40.2334,-79.3931,19.6,0.7344,,,,,,
1533,60,39.67986711,-80.8481545,19.6,0.7344,,,,,,
1276,60,39.60497559,-80.9427044,19.6,0.7344,,,,,,
1733,60,39.60493819,-80.94243577,19.6,0.7344,,,,,,
433,60,37.6606,-81.8543,19.6,0.7344,,,,,,
1192,60,36.4143,-79.87782,19.6,0.7344,,,,,,
740,60,34.4932,-83.4928,19.6,0.7344,,,,,,
35742,60,35.33337276,-85.41179774,19.6,0.7344,,,,,,
209,60,33.8711,-91.825,19.6,0.7344,,,,,,
1123,60,29.3791,-94.8722,19.6,0.7344,,,,,,
265,62,47.3663,-122.4785,21.1,0.8608,,,,,,
1176,62,40.44023466,-74.06053493,21.1,0.8608,,,,,,
35433,62,35.1127,-75.9796,21.1,0.8608,,,,,,
35574,62,29.5081965,-95.0495948,21.1,0.8608,,,,,,
35072,62,29.29532,-94.80791,21.1,0.8608,,,,,,
1630,63,40.73486831,-80.31642009,21.85,0.924,,,,,,
766,63,38.66373753,-94.91149399,21.85,0.924,,,,,,
35802,63,35.8121,-84.602,21.85,0.924,,,,,,
1869,63,31.17998506,-93.56536298,21.85,0.924,,,,,,
1351,66,40.8368,-75.5122,24.1,1.1136,,,,,,
761,66,36.4862,-82.1948,24.1,1.1136,,,,,,
1337,67,40.405,-80.5113,24.85,1.1768,,,,,,
660,67,36.89158399,-89.53397294,24.85,1.1768,,,,,,
136,68,33.6566,-118.0025,25.6,1.24,,,,,,
1545,68,29.1261,-81.0206,25.6,1.24,,,,,,
1790,70,45.90303,-95.11712,27.1,1.3664,,,,,,
1829,70,44.9728,-93.8157,27.1,1.3664,,,,,,
564,70,43.1769,-77.5239,27.1,1.3664,,,,,,
35272,70,42.0904,-86.4737,27.1,1.3664,,,,,,
35076,70,40.7005,-99.0835,27.1,1.3664,,,,,,
1059,70,38.87615171,-94.87284089,27.1,1.3664,,,,,,
455,70,38.84422174,-94.84243131,27.1,1.3664,,,,,,
35938,70,37.4704,-98.0824,27.1,1.3664,,,,,,
451,70,36.992,-120.0691,27.1,1.3664,,,,,,
1335,70,34.387,-117.2486,27.1,1.3664,,,,,,
35069,70,35.484,-86.0701,27.1,1.3664,,,,,,
35829,71,25.6347,-80.0298,27.85,1.4296,,,,,,
249,76,28.084,-80.146,31.6,1.7456,,,,,,
35942,78,28.3771,-80.6996,33.1,1.872,,,,,,
890,78,27.3019,-82.5474,33.1,1.872,,,,,,
1591,78,26.1124,-97.1652,33.1,1.872,,,,,,
63,79,47.852,-122.2425,33.85,1.9352,,,,,,
300,79,41.1477,-77.4125,33.85,1.9352,,,,,,
35024,79,33.854,-117.8329,33.85,1.9352,,,,,,
35701,81,77.808,-44.64,38.5,1.25,,,,,,
35475,81,76.6413,-50.4,38.5,1.25,,,,,,
35258,81,60.3301,78.107,38.5,1.25,,,,,,
852,81,48.16538771,-114.1895191,38.5,1.25,,,,,,
1384,81,48.0985,-115.1989,38.5,1.25,,,,,,
35442,81,48.05148096,-122.0948178,38.5,1.25,,,,,,
1126,81,47.9099,-120.1712,38.5,1.25,,,,,,
35,81,47.695,-122.2687,38.5,1.25,,,,,,
2,81,47.68865629,-122.2609398,38.5,1.25,,,,,,
1846,81,47.597,-94.8121,38.5,1.25,,,,,,
1848,81,47.5969,-94.8021,38.5,1.25,,,,,,
541,81,47.508,-122.9174,38.5,1.25,,,,,,
502,81,47.19865961,-122.1675528,38.5,1.25,,,,,,
540,81,47.19717063,-122.1431698,38.5,1.25,,,,,,
880,81,47.19522466,-122.1310125,38.5,1.25,,,,,,
1929,81,47.1915727,-122.1646345,38.5,1.25,,,,,,
1756,81,47.19138208,-122.1642819,38.5,1.25,,,,,,
739,81,47.19124075,-122.1648105,38.5,1.25,,,,,,
1493,81,46.8937,-119.2411,38.5,1.25,,,,,,
1478,81,46.7841,-114.0929,38.5,1.25,,,,,,
1562,81,46.7395,-93.9159,38.5,1.25,,,,,,
548,81,46.71580984,-122.9738961,38.5,1.25,,,,,,
35963,81,46.6008571,-94.3172674,38.5,1.25,,,,,,
34959,81,46.28796505,-94.06516424,38.5,1.25,,,,,,
261,81,46.2075,-94.5415,38.5,1.25,,,,,,
35838,81,45.9939,-95.9767,38.5,1.25,,,,,,
35337,81,45.7296,-75.3452,38.5,1.25,,,,,,
35914,81,45.553,-122.4458,38.5,1.25,,,,,,
1652,81,45.45148,-94.52147,38.5,1.25,,,,,,
35379,81,45.3716,-92.8132,38.5,1.25,,,,,,
841,81,45.29925057,-90.31367564,38.5,1.25,,,,,,
525,81,45.2465,-93.6642,38.5,1.25,,,,,,
282,81,45.18823589,-116.5596388,38.5,1.25,,,,,,
1069,81,45.0683,-92.6495,38.5,1.25,,,,,,
233,81,45.0472,-92.822,38.5,1.25,,,,,,
35188,81,44.9857,-73.3416,38.5,1.25,,,,,,
879,81,44.97952544,-93.0477953,38.5,1.25,,,,,,
1392,81,44.9287,-92.9017,38.5,1.25,,,,,,
1451,81,44.9197,-68.7984,38.5,1.25,,,,,,
508,81,44.8785,-93.7075,38.5,1.25,,,,,,
35315,81,44.8687,-93.7839,38.5,1.25,,,,,,
35491,81,44.8687,-93.7839,38.5,1.25,,,,,,
35714,81,44.8517,-93.7796,38.5,1.25,,,,,,
492,81,44.8476,-93.8026,38.5,1.25,,,,,,
35492,81,44.84432293,-93.67503834,38.5,1.25,,,,,,
1665,81,44.8086,-95.5735,38.5,1.25,,,,,,
1444,81,44.7961,-68.7647,38.5,1.25,,,,,,
35203,81,44.7284,-93.4198,38.5,1.25,,,,,,
897,81,44.7191,-117.0596,38.5,1.25,,,,,,
1158,81,44.6808,-123.9297,38.5,1.25,,,,,,
35643,81,44.6486,-73.3136,38.5,1.25,,,,,,
1523,81,44.6459,-73.3009,38.5,1.25,,,,,,
521,81,44.6453,-73.3023,38.5,1.25,,,,,,
1736,81,44.64,-89.7196,38.5,1.25,,,,,,
603,81,44.59146495,-123.0583685,38.5,1.25,,,,,,
1227,81,44.52859422,-87.9773879,38.5,1.25,,,,,,
1667,81,44.3723,-93.6499,38.5,1.25,,,,,,
711,81,44.36757413,-69.10618644,38.5,1.25,,,,,,
1917,81,44.3601,-87.7133,38.5,1.25,,,,,,
35989,81,44.3168,-80.4997,38.5,1.25,,,,,,
955,81,44.2834,-75.6454,38.5,1.25,,,,,,
893,81,44.2363,-117.0585,38.5,1.25,,,,,,
1026,81,44.1904,-88.472,38.5,1.25,,,,,,
944,81,44.08644523,-123.1485791,38.5,1.25,,,,,,
1071,81,44.0793,-88.5357,38.5,1.25,,,,,,
469,81,44.0464,-123.0564,38.5,1.25,,,,,,
716,81,44.0152,-70.7899,38.5,1.25,,,,,,
35113,81,43.9412,-75.6863,38.5,1.25,,,,,,
701,81,43.88751832,-84.74779922,38.5,1.25,,,,,,
35552,81,43.88274178,-84.49608677,38.5,1.25,,,,,,
35741,81,43.7928,-71.13116,38.5,1.25,,,,,,
1170,81,43.76547913,-85.37664514,38.5,1.25,,,,,,
35482,81,43.69244,-71.11476,38.5,1.25,,,,,,
1244,81,43.5496,-116.6684,38.5,1.25,,,,,,
900,81,43.5472,-116.6748,38.5,1.25,,,,,,
35522,81,43.489,-80.5267,38.5,1.25,,,,,,
35320,81,43.4789,-93.0074,38.5,1.25,,,,,,
1484,81,43.3927,-89.6145,38.5,1.25,,,,,,
34931,81,43.2337,-77.5617,38.5,1.25,,,,,,
164,81,43.2195,-77.4429,38.5,1.25,,,,,,
163,81,43.2167,-77.4413,38.5,1.25,,,,,,
1299,81,43.21303275,-85.66213123,38.5,1.25,,,,,,
529,81,43.205,-89.3458,38.5,1.25,,,,,,
1508,81,43.1945,-83.6851,38.5,1.25,,,,,,
565,81,43.1766,-77.5246,38.5,1.25,,,,,,
35953,81,43.1643,-76.3335,38.5,1.25,,,,,,
99,81,43.1578,-89.3806,38.5,1.25,,,,,,
302,81,43.13801983,-93.37936977,38.5,1.25,,,,,,
142,81,43.1297,-88.4063,38.5,1.25,,,,,,
35041,81,43.1131,-77.5222,38.5,1.25,,,,,,
1357,81,43.1109,-90.01,38.5,1.25,,,,,,
1265,81,43.1109,-90.009,38.5,1.25,,,,,,
487,81,43.1108,-90.0091,38.5,1.25,,,,,,
500,81,43.1108,-90.009,38.5,1.25,,,,,,
1360,81,43.1105,-90.0045,38.5,1.25,,,,,,
1060,81,43.1065,-86.1861,38.5,1.25,,,,,,
933,81,43.1025,-90.0697,38.5,1.25,,,,,,
35184,81,43.0982,-88.1859,38.5,1.25,,,,,,
1297,81,43.0663,-76.7613,38.5,1.25,,,,,,
1535,81,43.06237541,-77.0180081,38.5,1.25,,,,,,
1566,81,43.06237541,-77.0180081,38.5,1.25,,,,,,
1772,81,43.06237541,-77.0180081,38.5,1.25,,,,,,
1911,81,43.06237541,-77.0180081,38.5,1.25,,,,,,
1912,81,43.06237541,-77.0180081,38.5,1.25,,,,,,
145,81,43.0578,-88.435,38.5,1.25,,,,,,
1097,81,43.0256,-76.1683,38.5,1.25,,,,,,
244,81,43.02088622,-78.49529806,38.5,1.25,,,,,,
736,81,43.0122,-72.3158,38.5,1.25,,,,,,
35998,81,42.9559,-85.6198,38.5,1.25,,,,,,
812,81,42.9444,-83.1276,38.5,1.25,,,,,,
1593,81,42.9312,-85.2119,38.5,1.25,,,,,,
173,81,42.91512079,-88.13582311,38.5,1.25,,,,,,
175,81,42.91471506,-88.13620206,38.5,1.25,,,,,,
1731,81,42.91375802,-89.22084659,38.5,1.25,,,,,,
810,81,42.90478752,-76.86273943,38.5,1.25,,,,,,
1109,81,42.8782,-85.8927,38.5,1.25,,,,,,
1106,81,42.8781,-85.8934,38.5,1.25,,,,,,
181,81,42.8403,-85.4483,38.5,1.25,,,,,,
35399,81,42.826,-73.9598,38.5,1.25,,,,,,
1538,81,42.80427623,-96.13794971,38.5,1.25,,,,,,
35140,81,42.7863,-89.3033,38.5,1.25,,,,,,
1783,81,42.78203,-83.82587,38.5,1.25,,,,,,
572,81,42.7639,-76.2699,38.5,1.25,,,,,,
827,81,42.7534,-84.7464,38.5,1.25,,,,,,
1245,81,42.753,-84.402,38.5,1.25,,,,,,
1696,81,42.6646,-83.2511,38.5,1.25,,,,,,
1699,81,42.653,-83.3662,38.5,1.25,,,,,,
1693,81,42.6308,-83.2403,38.5,1.25,,,,,,
1082,81,42.6091,-71.712,38.5,1.25,,,,,,
35807,81,42.5895,-71.0251,38.5,1.25,,,,,,
35865,81,42.5449157,-85.42653778,38.5,1.25,,,,,,
950,81,42.538,-90.6911,38.5,1.25,,,,,,
526,81,42.4928,-92.343,38.5,1.25,,,,,,
218,81,42.41669783,-82.66656741,38.5,1.25,,,,,,
35283,81,42.4124,-88.6255,38.5,1.25,,,,,,
865,81,42.3826,-76.1597,38.5,1.25,,,,,,
210,81,42.3517,-88.9765,38.5,1.25,,,,,,
405,81,42.3466,-71.5232,38.5,1.25,,,,,,
482,81,42.3441,-71.852,38.5,1.25,,,,,,
35895,81,42.3316,-71.371,38.5,1.25,,,,,,
737,81,42.2565,-72.5162,38.5,1.25,,,,,,
840,81,42.244,-71.9923,38.5,1.25,,,,,,
391,81,42.2164,-88.2523,38.5,1.25,,,,,,
985,81,42.1882,-85.5669,38.5,1.25,,,,,,
35391,81,42.18446821,-76.42227886,38.5,1.25,,,,,,
918,81,42.134,-77.3211,38.5,1.25,,,,,,
1779,81,42.1013,-72.5893,38.5,1.25,,,,,,
35510,81,42.0995,-72.5573,38.5,1.25,,,,,,
30,81,42.0941,-84.2985,38.5,1.25,,,,,,
1984,81,42.09018971,-83.19333275,38.5,1.25,,,,,,
35568,81,42.084,-83.6879,38.5,1.25,,,,,,
35206,81,42.0738,-87.8723,38.5,1.25,,,,,,
35208,81,42.0738,-87.8723,38.5,1.25,,,,,,
1368,81,42.0425,-77.7643,38.5,1.25,,,,,,
35012,81,42.0265,-86.416,38.5,1.25,,,,,,
1232,81,42.0128,-87.8968,38.5,1.25,,,,,,
478,81,42.0058232,-83.3201386,38.5,1.25,,,,,,
562,81,41.9837,-77.1729,38.5,1.25,,,,,,
511,81,41.9835,-77.1725,38.5,1.25,,,,,,
35545,81,41.9571,-83.6601,38.5,1.25,,,,,,
35207,81,41.9427,-85.6364,38.5,1.25,,,,,,
34937,81,41.9044,-85.8943,38.5,1.25,,,,,,
35016,81,41.9044,-85.8943,38.5,1.25,,,,,,
1891,81,41.9028,-91.9197,38.5,1.25,,,,,,
35402,81,41.9024,-83.7182,38.5,1.25,,,,,,
550,81,41.85731647,-71.80062563,38.5,1.25,,,,,,
1956,81,41.8486,-74.7353,38.5,1.25,,,,,,
566,81,41.8305,-73.1139,38.5,1.25,,,,,,
1202,81,41.8213,-75.8008,38.5,1.25,,,,,,
35940,81,41.82,-88.3937,38.5,1.25,,,,,,
35756,81,41.81926271,-81.05909181,38.5,1.25,,,,,,
939,81,41.8188,-87.8138,38.5,1.25,,,,,,
936,81,41.8188,-87.8137,38.5,1.25,,,,,,
1941,81,41.8145,-79.8337,38.5,1.25,,,,,,
1023,81,41.8056,-86.048,38.5,1.25,,,,,,
641,81,41.8039,-86.0487,38.5,1.25,,,,,,
35603,81,41.7867,-78.6856,38.5,1.25,,,,,,
35712,81,41.7865,-78.6858,38.5,1.25,,,,,,
35795,81,41.7417,-71.5144,38.5,1.25,,,,,,
1585,81,41.74,-88.2954,38.5,1.25,,,,,,
1658,81,41.6856,-74.9918,38.5,1.25,,,,,,
763,81,41.67833586,-71.55029934,38.5,1.25,,,,,,
1754,81,41.6782,-88.2117,38.5,1.25,,,,,,
419,81,41.6172,-111.8565,38.5,1.25,,,,,,
1982,81,41.5565,-93.4914,38.5,1.25,,,,,,
1515,81,41.516,-87.0575,38.5,1.25,,,,,,
961,81,41.504,-93.679,38.5,1.25,,,,,,
35267,81,41.4059,-74.1539,38.5,1.25,,,,,,
793,81,41.38340953,-76.0246483,38.5,1.25,,,,,,
816,81,41.36786165,-75.31980277,38.5,1.25,,,,,,
1237,81,41.3495,-73.6649,38.5,1.25,,,,,,
1439,81,41.3176,-73.8497,38.5,1.25,,,,,,
951,81,41.3142,-73.8491,38.5,1.25,,,,,,
813,81,41.3141,-73.8494,38.5,1.25,,,,,,
691,81,41.314,-73.8486,38.5,1.25,,,,,,
613,81,41.3132,-73.8493,38.5,1.25,,,,,,
1157,81,41.313,-73.8479,38.5,1.25,,,,,,
698,81,41.31,-75.9836,38.5,1.25,,,,,,
34995,81,41.2607,-95.9406,38.5,1.25,,,,,,
35592,81,41.25418937,-96.07550674,38.5,1.25,,,,,,
35589,81,41.25418687,-96.07550784,38.5,1.25,,,,,,
35151,81,41.1986,-73.1335,38.5,1.25,,,,,,
1808,81,41.1834,-89.5451,38.5,1.25,,,,,,
35591,81,41.1791,-97.6763,38.5,1.25,,,,,,
35418,81,41.1764,-97.5509,38.5,1.25,,,,,,
542,81,41.1464,-87.2692,38.5,1.25,,,,,,
1552,81,41.1198,-78.7597,38.5,1.25,,,,,,
34997,81,41.1193,-98.5472,38.5,1.25,,,,,,
35288,81,41.1193,-98.5472,38.5,1.25,,,,,,
35291,81,41.1193,-98.5472,38.5,1.25,,,,,,
35816,81,41.1193,-98.5472,38.5,1.25,,,,,,
35817,81,41.1193,-98.5472,38.5,1.25,,,,,,
35818,81,41.1193,-98.5472,38.5,1.25,,,,,,
35387,81,41.0698,-82.4291,38.5,1.25,,,,,,
1810,81,41.0687,-96.3335,38.5,1.25,,,,,,
35748,81,41.04968126,-73.74406847,38.5,1.25,,,,,,
35759,81,41.04819984,-73.74482331,38.5,1.25,,,,,,
1709,81,41.0312,-71.9537,38.5,1.25,,,,,,
35570,81,41.0209,-74.1752,38.5,1.25,,,,,,
35286,81,41.0005,-98.6074,38.5,1.25,,,,,,
909,81,40.9782,-87.5021,38.5,1.25,,,,,,
908,81,40.9779,-87.512,38.5,1.25,,,,,,
659,81,40.95491514,-80.65616015,38.5,1.25,,,,,,
1555,81,40.954,-78.5263,38.5,1.25,,,,,,
894,81,40.95061993,-80.07257909,38.5,1.25,,,,,,
1546,81,40.9392,-80.0973,38.5,1.25,,,,,,
1568,81,40.90828066,-89.48595344,38.5,1.25,,,,,,
611,81,40.8985,-88.6519,38.5,1.25,,,,,,
612,81,40.8985,-88.6519,38.5,1.25,,,,,,
497,81,40.8596,-75.6203,38.5,1.25,,,,,,
1722,81,40.83772713,-84.34359775,38.5,1.25,,,,,,
35955,81,40.8181,-89.3971,38.5,1.25,,,,,,
35173,81,40.81414772,-98.37639918,38.5,1.25,,,,,,
35373,81,40.8017,-74.0009,38.5,1.25,,,,,,
35937,81,40.7951,-81.4394,38.5,1.25,,,,,,
1117,81,40.763,-98.592,38.5,1.25,,,,,,
518,81,40.7579,-111.8918,38.5,1.25,,,,,,
860,81,40.6903,-74.3749,38.5,1.25,,,,,,
35029,81,40.6682722,-89.44839343,38.5,1.25,,,,,,
35471,81,40.66745482,-74.31718844,38.5,1.25,,,,,,
35490,81,40.6653,-74.836,38.5,1.25,,,,,,
34980,81,40.59274497,-74.35897867,38.5,1.25,,,,,,
1711,81,40.57498353,-105.0325913,38.5,1.25,,,,,,
1228,81,40.5606,-111.9391,38.5,1.25,,,,,,
125,81,40.5271,-92.5458,38.5,1.25,,,,,,
1634,81,40.49397366,-83.88047035,38.5,1.25,,,,,,
726,81,40.4504,-82.767,38.5,1.25,,,,,,
1978,81,40.4501,-82.7668,38.5,1.25,,,,,,
1549,81,40.4501,-82.7667,38.5,1.25,,,,,,
1113,81,40.4499,-82.7668,38.5,1.25,,,,,,
895,81,40.4499,-82.7641,38.5,1.25,,,,,,
1806,81,40.4385,-79.9973,38.5,1.25,,,,,,
35561,81,40.41109545,-74.23963399,38.5,1.25,,,,,,
35242,81,40.3881,-105.0926,38.5,1.25,,,,,,
35562,81,40.36984783,-74.18720509,38.5,1.25,,,,,,
35565,81,40.36947398,-74.1871495,38.5,1.25,,,,,,
1991,81,40.35299163,-74.08524569,38.5,1.25,,,,,,
953,81,40.3345,-79.4083,38.5,1.25,,,,,,
1796,81,40.2936,-83.0372,38.5,1.25,,,,,,
35126,81,40.28743613,-88.13328028,38.5,1.25,,,,,,
1943,81,40.2813,-78.7866,38.5,1.25,,,,,,
1408,81,40.25779544,-80.04576143,38.5,1.25,,,,,,
289,81,40.23113896,-79.9716285,38.5,1.25,,,,,,
35604,81,40.23032184,-74.76859776,38.5,1.25,,,,,,
609,81,40.20469979,-76.31418853,38.5,1.25,,,,,,
35009,81,40.19562006,-74.29827004,38.5,1.25,,,,,,
35572,81,40.19475878,-74.30082977,38.5,1.25,,,,,,
174,81,40.19474551,-92.58324642,38.5,1.25,,,,,,
668,81,40.1603,-92.6197,38.5,1.25,,,,,,
530,81,40.1259,-80.8087,38.5,1.25,,,,,,
1994,81,40.1168,-74.7653,38.5,1.25,,,,,,
347,81,40.0687,-74.1359,38.5,1.25,,,,,,
1415,81,40.02329293,-80.7946914,38.5,1.25,,,,,,
35420,81,40.00923,-74.25145811,38.5,1.25,,,,,,
35422,81,40.0089612,-74.25383358,38.5,1.25,,,,,,
35432,81,40.00878757,-74.25426102,38.5,1.25,,,,,,
35094,81,40.0069,-91.5106,38.5,1.25,,,,,,
1282,81,39.9928,-87.3047,38.5,1.25,,,,,,
35371,81,39.9867,-74.5706,38.5,1.25,,,,,,
402,81,39.9406,-74.8459,38.5,1.25,,,,,,
280,81,39.9304,-77.248,38.5,1.25,,,,,,
1044,81,39.9126,-82.7574,38.5,1.25,,,,,,
738,81,39.88488575,-76.30874212,38.5,1.25,,,,,,
1222,81,39.8847,-75.0826,38.5,1.25,,,,,,
399,81,39.8455,-74.7795,38.5,1.25,,,,,,
425,81,39.8423,-75.3588,38.5,1.25,,,,,,
1094,81,39.8366,-74.1969,38.5,1.25,,,,,,
35305,81,39.82,-83.4229,38.5,1.25,,,,,,
1938,81,39.8141,-75.0972,38.5,1.25,,,,,,
35424,81,39.7925941,-74.27938701,38.5,1.25,,,,,,
724,81,39.7806,-75.0544,38.5,1.25,,,,,,
1797,81,39.7688,-92.4142,38.5,1.25,,,,,,
664,81,39.75271948,-86.4179842,38.5,1.25,,,,,,
35430,81,39.7366,-104.59,38.5,1.25,,,,,,
35162,81,39.73508818,-74.26457929,38.5,1.25,,,,,,
1412,81,39.7348,-85.2001,38.5,1.25,,,,,,
35421,81,39.72927237,-74.29178909,38.5,1.25,,,,,,
749,81,39.7285,-121.8375,38.5,1.25,,,,,,
1728,81,39.705,-76.1272,38.5,1.25,,,,,,
167,81,39.6789,-84.6533,38.5,1.25,,,,,,
35270,81,39.63295379,-105.0204661,38.5,1.25,,,,,,
1029,81,39.6267,-82.8882,38.5,1.25,,,,,,
34936,81,39.61921079,-94.6480483,38.5,1.25,,,,,,
35269,81,39.6162,-105.0186,38.5,1.25,,,,,,
1355,81,39.6079,-86.0756,38.5,1.25,,,,,,
1359,81,39.6079,-86.0756,38.5,1.25,,,,,,
35268,81,39.60400977,-105.0232685,38.5,1.25,,,,,,
213,81,39.5696,-105.0118,38.5,1.25,,,,,,
189,81,39.5682,-105.0179,38.5,1.25,,,,,,
202,81,39.5672,-105.0167,38.5,1.25,,,,,,
197,81,39.5659,-105.0069,38.5,1.25,,,,,,
1511,81,39.5657,-119.5054,38.5,1.25,,,,,,
1309,81,39.5475,-75.4045,38.5,1.25,,,,,,
190,81,39.547,-105.0428,38.5,1.25,,,,,,
250,81,39.5466,-105.0429,38.5,1.25,,,,,,
268,81,39.5323,-105.0187,38.5,1.25,,,,,,
270,81,39.532,-105.0193,38.5,1.25,,,,,,
1257,81,39.4914,-84.29,38.5,1.25,,,,,,
84,81,39.4526,-76.5659,38.5,1.25,,,,,,
1165,81,39.417,-94.5719,38.5,1.25,,,,,,
1160,81,39.38711,-94.5816,38.5,1.25,,,,,,
35642,81,39.2935,-99.7733,38.5,1.25,,,,,,
1626,81,39.25978,-84.49522,38.5,1.25,,,,,,
35404,81,39.23735936,-111.0695431,38.5,1.25,,,,,,
767,81,39.23399325,-94.39505553,38.5,1.25,,,,,,
288,81,39.1964,-74.8252,38.5,1.25,,,,,,
507,81,39.15816799,-75.52436919,38.5,1.25,,,,,,
843,81,39.1506,-81.6357,38.5,1.25,,,,,,
796,81,39.12971701,-96.44055613,38.5,1.25,,,,,,
1844,81,39.07932825,-94.36531623,38.5,1.25,,,,,,
1637,81,39.0789,-93.7275,38.5,1.25,,,,,,
430,81,39.05188189,-77.40615204,38.5,1.25,,,,,,
806,81,39.0149776,-89.7909473,38.5,1.25,,,,,,
429,81,38.98221007,-94.81012119,38.5,1.25,,,,,,
569,81,38.9090144,-78.6625559,38.5,1.25,,,,,,
648,81,38.909,-78.6588,38.5,1.25,,,,,,
225,81,38.8678,-94.1708,38.5,1.25,,,,,,
35687,81,38.84504509,-94.92737448,38.5,1.25,,,,,,
422,81,38.8448158,-94.84189749,38.5,1.25,,,,,,
453,81,38.84401273,-94.84275846,38.5,1.25,,,,,,
35279,81,38.8028,-121.3375,38.5,1.25,,,,,,
35282,81,38.80237957,-90.77266958,38.5,1.25,,,,,,
1497,81,38.7797,-92.2648,38.5,1.25,,,,,,
35493,81,38.7783,-99.789,38.5,1.25,,,,,,
35243,81,38.7722,-83.7209,38.5,1.25,,,,,,
35971,81,38.7439,-121.1574,38.5,1.25,,,,,,
35877,81,38.7438,-121.2127,38.5,1.25,,,,,,
35973,81,38.7437,-121.1572,38.5,1.25,,,,,,
35780,81,38.7422,-121.1446,38.5,1.25,,,,,,
636,81,38.7045,-90.0907,38.5,1.25,,,,,,
1435,81,38.6997,-85.8581,38.5,1.25,,,,,,
310,81,38.6885,-90.501,38.5,1.25,,,,,,
1417,81,38.6766,-78.5181,38.5,1.25,,,,,,
1354,81,38.6543,-77.2261,38.5,1.25,,,,,,
35754,81,38.6451,-121.1282,38.5,1.25,,,,,,
1174,81,38.6342,-78.6676,38.5,1.25,,,,,,
339,81,38.6255,-90.3441,38.5,1.25,,,,,,
882,81,38.5968,-76.882,38.5,1.25,,,,,,
1347,81,38.5793,-121.4909,38.5,1.25,,,,,,
35017,81,38.55781259,-76.04340539,38.5,1.25,,,,,,
695,81,38.5548,-82.7748,38.5,1.25,,,,,,
1055,81,38.5492,-122.8128,38.5,1.25,,,,,,
1263,81,38.5464,-91.0232,38.5,1.25,,,,,,
1812,81,38.5424,-85.7683,38.5,1.25,,,,,,
1826,81,38.5407,-85.7681,38.5,1.25,,,,,,
1827,81,38.5407,-85.7681,38.5,1.25,,,,,,
35092,81,38.39549,-75.15522,38.5,1.25,,,,,,
35501,81,38.3481,-85.5989,38.5,1.25,,,,,,
35528,81,38.346,-85.5479,38.5,1.25,,,,,,
1220,81,38.3368,-85.676,38.5,1.25,,,,,,
35721,81,38.3292,-85.5475,38.5,1.25,,,,,,
35530,81,38.3291,-85.5477,38.5,1.25,,,,,,
35990,81,38.3289,-85.5471,38.5,1.25,,,,,,
258,81,38.312,-84.0274,38.5,1.25,,,,,,
35529,81,38.2943,-85.5996,38.5,1.25,,,,,,
1168,81,38.28756,-91.72098,38.5,1.25,,,,,,
1049,81,38.2671,-76.4238,38.5,1.25,,,,,,
1818,81,38.2658,-85.418,38.5,1.25,,,,,,
1321,81,38.2221,-98.2099,38.5,1.25,,,,,,
35239,81,38.22176843,-84.54872611,38.5,1.25,,,,,,
35480,81,38.2173,-92.7693,38.5,1.25,,,,,,
1521,81,38.2086,-85.5035,38.5,1.25,,,,,,
15,81,38.1481,-119.7751,38.5,1.25,,,,,,
35526,81,38.08247105,-97.87534758,38.5,1.25,,,,,,
838,81,38.069,-79.1023,38.5,1.25,,,,,,
1495,81,38.0599,-121.5004,38.5,1.25,,,,,,
919,81,38.0445,-79.0391,38.5,1.25,,,,,,
35966,81,38.0009,-86.1716,38.5,1.25,,,,,,
1530,81,37.9189,-78.3216,38.5,1.25,,,,,,
401,81,37.91335878,-90.55371234,38.5,1.25,,,,,,
669,81,37.8696,-88.0575,38.5,1.25,,,,,,
35231,81,37.8469,-86.9749,38.5,1.25,,,,,,
1897,81,37.8431743,-85.4628748,38.5,1.25,,,,,,
35822,81,37.80286157,-121.3126312,38.5,1.25,,,,,,
1317,81,37.76949,-90.62425,38.5,1.25,,,,,,
424,81,37.70078536,-77.94555019,38.5,1.25,,,,,,
1487,81,37.687,-97.3356,38.5,1.25,,,,,,
1372,81,37.6676,-121.8365,38.5,1.25,,,,,,
35896,81,37.6625,-77.4442,38.5,1.25,,,,,,
823,81,37.6457,-97.394,38.5,1.25,,,,,,
341,81,37.64418368,-97.34082413,38.5,1.25,,,,,,
1537,81,37.6163,-80.9122,38.5,1.25,,,,,,
1525,81,37.6119,-80.9136,38.5,1.25,,,,,,
35903,81,37.494,-76.9638,38.5,1.25,,,,,,
914,81,37.4807,-78.2373,38.5,1.25,,,,,,
901,81,37.4803,-78.2374,38.5,1.25,,,,,,
1526,81,37.4686,-80.8765,38.5,1.25,,,,,,
1259,81,37.3374,-87.2202,38.5,1.25,,,,,,
34987,81,37.2051132,-86.7016109,38.5,1.25,,,,,,
248,81,37.18277018,-121.6932216,38.5,1.25,,,,,,
35381,81,37.1248,-119.87686,38.5,1.25,,,,,,
35332,81,37.0911,-93.8084,38.5,1.25,,,,,,
945,81,37.04592081,-88.53952464,38.5,1.25,,,,,,
1115,81,37.0299,-84.6852,38.5,1.25,,,,,,
390,81,36.9786,-120.0635,38.5,1.25,,,,,,
35608,81,36.9785,-82.563,38.5,1.25,,,,,,
1778,81,36.8921,-76.1632,38.5,1.25,,,,,,
35823,81,36.8904,-85.0449,38.5,1.25,,,,,,
930,81,36.8888,-76.1655,38.5,1.25,,,,,,
941,81,36.8888,-76.1655,38.5,1.25,,,,,,
868,81,36.8859,-94.3725,38.5,1.25,,,,,,
1171,81,36.8847,-94.3712,38.5,1.25,,,,,,
886,81,36.8796,-87.7344,38.5,1.25,,,,,,
436,81,36.8386,-100.5139,38.5,1.25,,,,,,
35957,81,36.8239,-98.0925,38.5,1.25,,,,,,
34961,81,36.8105,-76.7392,38.5,1.25,,,,,,
35459,81,36.7508,-83.2579,38.5,1.25,,,,,,
35462,81,36.7396,-83.2629,38.5,1.25,,,,,,
238,81,36.69239835,-76.18513006,38.5,1.25,,,,,,
956,81,36.6847,-121.6486,38.5,1.25,,,,,,
1420,81,36.6811,-79.8741,38.5,1.25,,,,,,
35630,81,36.6754,-85.6956,38.5,1.25,,,,,,
1380,81,36.6751,-79.7851,38.5,1.25,,,,,,
35649,81,36.6354,-95.5715,38.5,1.25,,,,,,
35007,81,36.59747138,-93.39787159,38.5,1.25,,,,,,
685,81,36.53322894,-79.74872404,38.5,1.25,,,,,,
506,81,36.53031796,-87.86849593,38.5,1.25,,,,,,
35229,81,36.51576376,-82.74373745,38.5,1.25,,,,,,
443,81,36.4917181,-87.83974935,38.5,1.25,,,,,,
652,81,36.4917181,-87.83974935,38.5,1.25,,,,,,
1198,81,36.4913,-80.022,38.5,1.25,,,,,,
826,81,36.4757,-82.2554,38.5,1.25,,,,,,
782,81,36.4321,-88.1052,38.5,1.25,,,,,,
35584,81,36.3692272,-100.8008865,38.5,1.25,,,,,,
1594,81,36.3587,-94.0556,38.5,1.25,,,,,,
1629,81,36.28772556,-82.00543495,38.5,1.25,,,,,,
35345,81,36.28487066,-83.29618437,38.5,1.25,,,,,,
707,81,36.26117656,-90.76260898,38.5,1.25,,,,,,
35144,81,36.2436,-83.9721,38.5,1.25,,,,,,
35124,81,36.1481,-81.1527,38.5,1.25,,,,,,
1308,81,36.13958,-80.29811,38.5,1.25,,,,,,
35423,81,36.121,-78.1896,38.5,1.25,,,,,,
1901,81,36.1139,-84.1868,38.5,1.25,,,,,,
35377,81,36.1072,-87.4215,38.5,1.25,,,,,,
64,81,36.0851,-82.8537,38.5,1.25,,,,,,
35013,81,36.0822856,-95.81678684,38.5,1.25,,,,,,
35525,81,36.0679158,-79.5182446,38.5,1.25,,,,,,
1043,81,36.0258,-86.0426,38.5,1.25,,,,,,
35932,81,36.02323,-79.9018,38.5,1.25,,,,,,
846,81,34.00657069,-81.00893821,38.5,1.25,,,,,,
798,81,34.0121,-84.8398,38.5,1.25,,,,,,
1663,81,34.0172417,-83.7947525,38.5,1.25,,,,,,
35730,81,34.0274,-84.4616,38.5,1.25,,,,,,
1066,81,34.0742,-118.2027,38.5,1.25,,,,,,
35729,81,34.0792,-84.4551,38.5,1.25,,,,,,
460,81,34.1016,-118.3325,38.5,1.25,,,,,,
1944,81,34.1016,-118.3325,38.5,1.25,,,,,,
1005,81,34.10955489,-84.46996885,38.5,1.25,,,,,,
615,81,34.1227,-118.3316,38.5,1.25,,,,,,
35240,81,34.1643,-84.7277,38.5,1.25,,,,,,
976,81,34.1721,-84.2248,38.5,1.25,,,,,,
1404,81,34.1722,-84.2246,38.5,1.25,,,,,,
1315,81,34.1733,-84.7341,38.5,1.25,,,,,,
754,81,34.174,-85.7163,38.5,1.25,,,,,,
1866,81,34.3747,-85.1716,38.5,1.25,,,,,,
1948,81,34.3768,-88.6842,38.5,1.25,,,,,,
968,81,34.4045,-89.1769,38.5,1.25,,,,,,
35260,81,34.43888582,-78.96147845,38.5,1.25,,,,,,
360,81,34.45630832,-92.31925274,38.5,1.25,,,,,,
1325,81,34.4789,-84.8941,38.5,1.25,,,,,,
1916,81,34.48894165,-83.49869056,38.5,1.25,,,,,,
35412,81,34.52,-118.6065,38.5,1.25,,,,,,
1473,81,34.62110082,-79.92137548,38.5,1.25,,,,,,
35304,81,34.7143,-86.6832,38.5,1.25,,,,,,
273,81,34.80119562,-87.69891635,38.5,1.25,,,,,,
1632,81,34.808,-92.2916,38.5,1.25,,,,,,
35436,81,34.822,-87.3163,38.5,1.25,,,,,,
35251,81,34.883,-81.77,38.5,1.25,,,,,,
35256,81,34.8833,-81.7704,38.5,1.25,,,,,,
467,81,34.89344643,-81.87704947,38.5,1.25,,,,,,
35767,81,34.90026458,-90.17134587,38.5,1.25,,,,,,
1851,81,34.902,-87.9879,38.5,1.25,,,,,,
35378,81,34.921,-90.1245,38.5,1.25,,,,,,
35452,81,34.9363,-94.0358,38.5,1.25,,,,,,
1413,81,34.9483,-81.9349,38.5,1.25,,,,,,
35081,81,34.9561,-89.8369,38.5,1.25,,,,,,
35300,81,34.9675,-89.8487,38.5,1.25,,,,,,
35153,81,34.975,-89.8877,38.5,1.25,,,,,,
35587,81,35.0265,-80.5296,38.5,1.25,,,,,,
1443,81,35.0480001,-91.993104,38.5,1.25,,,,,,
1717,81,35.05975939,-85.65062524,38.5,1.25,,,,,,
35479,81,35.0627,-85.535,38.5,1.25,,,,,,
35695,81,35.078,-85.4774,38.5,1.25,,,,,,
35201,81,35.1062,-80.3984,38.5,1.25,,,,,,
1436,81,35.1182,-80.7203,38.5,1.25,,,,,,
1373,81,35.1224,-81.5146,38.5,1.25,,,,,,
1424,81,35.1224,-81.5146,38.5,1.25,,,,,,
1673,81,35.1224,-81.5146,38.5,1.25,,,,,,
1857,81,35.1251,-81.5184,38.5,1.25,,,,,,
610,81,35.17474297,-89.85276174,38.5,1.25,,,,,,
246,81,35.18824672,-81.29123452,38.5,1.25,,,,,,
35907,81,35.1954,-88.3617,38.5,1.25,,,,,,
35228,81,35.1991,-81.3265,38.5,1.25,,,,,,
35970,81,35.2036364,-89.50655221,38.5,1.25,,,,,,
35974,81,35.20566355,-89.50577961,38.5,1.25,,,,,,
35671,81,35.2526,-87.3388,38.5,1.25,,,,,,
35924,81,35.3038,-85.0504,38.5,1.25,,,,,,
35544,81,35.3203876,-80.8147669,38.5,1.25,,,,,,
593,81,35.3469,-84.2876,38.5,1.25,,,,,,
801,81,35.36317353,-119.0725263,38.5,1.25,,,,,,
35806,81,35.367,-81.1874,38.5,1.25,,,,,,
35509,81,35.36842,-94.34855,38.5,1.25,,,,,,
35678,81,35.4172,-81.1936,38.5,1.25,,,,,,
35223,81,35.4196,-80.0928,38.5,1.25,,,,,,
1329,81,35.4352,-97.7013,38.5,1.25,,,,,,
889,81,35.46731959,-97.26867811,38.5,1.25,,,,,,
34941,81,35.5109,-97.8492,38.5,1.25,,,,,,
35074,81,35.6207,-97.4823,38.5,1.25,,,,,,
1318,81,35.6894,-82.5703,38.5,1.25,,,,,,
1719,81,35.7617,-86.902,38.5,1.25,,,,,,
986,81,35.79485,-99.33627084,38.5,1.25,,,,,,
35805,81,35.84542098,-78.0487667,38.5,1.25,,,,,,
35987,81,35.84722363,-78.06006293,38.5,1.25,,,,,,
35667,81,35.8592912,-81.2915595,38.5,1.25,,,,,,
35198,81,35.86467084,-95.30937769,38.5,1.25,,,,,,
35868,81,35.86583793,-95.30916109,38.5,1.25,,,,,,
35014,81,35.86638946,-95.30906798,38.5,1.25,,,,,,
35066,81,35.9117,-79.571,38.5,1.25,,,,,,
35655,81,35.9386,-95.9695,38.5,1.25,,,,,,
35401,81,35.955,-95.9591,38.5,1.25,,,,,,
1058,81,35.9787,-86.6789,38.5,1.25,,,,,,
1279,81,35.99694328,-84.19129794,38.5,1.25,,,,,,
35241,81,33.9896,-84.9622,38.5,1.25,,,,,,
1074,81,33.9632,-118.4222,38.5,1.25,,,,,,
35597,81,33.9361,-80.399,38.5,1.25,,,,,,
35594,81,33.9305,-80.3876,38.5,1.25,,,,,,
114,81,33.88149973,-117.1725879,38.5,1.25,,,,,,
1676,81,33.8703,-112.2767,38.5,1.25,,,,,,
35601,81,33.84547,-81.66314,38.5,1.25,,,,,,
35607,81,33.8301,-80.3684,38.5,1.25,,,,,,
35598,81,33.8301,-80.3682,38.5,1.25,,,,,,
35543,81,33.8212,-118.0836,38.5,1.25,,,,,,
35174,81,33.8171,-80.7876,38.5,1.25,,,,,,
98,81,33.80418759,-116.7811272,38.5,1.25,,,,,,
35596,81,33.8024,-80.3028,38.5,1.25,,,,,,
35499,81,33.7402498,-84.5584057,38.5,1.25,,,,,,
1952,81,33.7386418,-79.0215958,38.5,1.25,,,,,,
1449,81,33.73521,-95.92563,38.5,1.25,,,,,,
458,81,33.7117,-118.0626,38.5,1.25,,,,,,
35769,81,33.709,-80.2208,38.5,1.25,,,,,,
35847,81,33.6732,-111.1292,38.5,1.25,,,,,,
35863,81,33.663,-80.5361,38.5,1.25,,,,,,
35933,81,33.6615,-80.528,38.5,1.25,,,,,,
35263,81,33.6227,-114.5924,38.5,1.25,,,,,,
113,81,33.4584,-86.3189,38.5,1.25,,,,,,
34938,81,33.4558,-86.8366,38.5,1.25,,,,,,
35615,81,33.4552,-96.6071,38.5,1.25,,,,,,
34965,81,33.445,-94.073,38.5,1.25,,,,,,
644,81,33.406,-87.0299,38.5,1.25,,,,,,
308,81,33.4018,-91.1482,38.5,1.25,,,,,,
35347,81,33.3995,-86.7333,38.5,1.25,,,,,,
35489,81,33.3994,-86.7328,38.5,1.25,,,,,,
35316,81,33.3993,-86.7337,38.5,1.25,,,,,,
35611,81,33.3993,-86.7323,38.5,1.25,,,,,,
688,81,33.3811,-112.288,38.5,1.25,,,,,,
687,81,33.3808,-112.2882,38.5,1.25,,,,,,
35789,81,33.2908,-96.5761,38.5,1.25,,,,,,
34955,81,33.2842,-88.7802,38.5,1.25,,,,,,
598,81,33.2286,-87.502,38.5,1.25,,,,,,
1002,81,33.22780805,-96.72078368,38.5,1.25,,,,,,
599,81,33.2226,-87.5208,38.5,1.25,,,,,,
35133,81,33.1911,-95.1916,38.5,1.25,,,,,,
35426,81,33.1551,-97.1583,38.5,1.25,,,,,,
772,81,33.14960523,-107.1832371,38.5,1.25,,,,,,
35703,81,33.0946,-96.6424,38.5,1.25,,,,,,
35505,81,33.0945,-96.6425,38.5,1.25,,,,,,
1272,81,33.08808339,-96.64337589,38.5,1.25,,,,,,
160,81,33.0859,-79.9421,38.5,1.25,,,,,,
35874,81,33.08552832,-97.03501271,38.5,1.25,,,,,,
139,81,33.0851,-79.943,38.5,1.25,,,,,,
35411,81,33.0788,-96.6236,38.5,1.25,,,,,,
35120,81,33.0489,-96.7967,38.5,1.25,,,,,,
35121,81,33.0489,-96.7967,38.5,1.25,,,,,,
35122,81,33.0486,-96.7984,38.5,1.25,,,,,,
1183,81,33.0218,-102.8434,38.5,1.25,,,,,,
1881,81,33.0119,-80.2422,38.5,1.25,,,,,,
1752,81,33.011,-96.5461,38.5,1.25,,,,,,
794,81,33.0096,-80.2281,38.5,1.25,,,,,,
35677,81,32.9943,-98.5384,38.5,1.25,,,,,,
605,81,32.9393,-116.9081,38.5,1.25,,,,,,
35485,81,32.9224,-85.1708,38.5,1.25,,,,,,
35688,81,32.87923492,-96.9643996,38.5,1.25,,,,,,
35873,81,32.829,-79.8065,38.5,1.25,,,,,,
35067,81,32.7939,-96.9677,38.5,1.25,,,,,,
35134,81,32.7808,-97.6791,38.5,1.25,,,,,,
35952,81,32.7786,-97.6798,38.5,1.25,,,,,,
404,81,32.7649,-97.4093,38.5,1.25,,,,,,
861,81,32.746,-96.9978,38.5,1.25,,,,,,
35408,81,32.7422,-88.9336,38.5,1.25,,,,,,
1180,81,32.728,-85.86,38.5,1.25,,,,,,
35428,81,32.7234,-99.2963,38.5,1.25,,,,,,
1083,81,32.7044,-80.8264,38.5,1.25,,,,,,
1833,81,32.70331,-97.21409,38.5,1.25,,,,,,
1577,81,32.688975,-97.21790472,38.5,1.25,,,,,,
1834,81,32.68680006,-97.21696998,38.5,1.25,,,,,,
35646,81,32.664,-97.4122,38.5,1.25,,,,,,
35583,81,32.6595,-97.6152,38.5,1.25,,,,,,
81,81,32.6241,-83.6367,38.5,1.25,,,,,,
35109,81,32.61007645,-89.22225767,38.5,1.25,,,,,,
35040,81,32.6086,-85.4816,38.5,1.25,,,,,,
35220,81,32.5935,-97.1376,38.5,1.25,,,,,,
1155,81,32.593,-85.3598,38.5,1.25,,,,,,
1440,81,32.5817,-97.0261,38.5,1.25,,,,,,
35255,81,32.58093494,-89.1845822,38.5,1.25,,,,,,
1219,81,32.5797,-90.1299,38.5,1.25,,,,,,
1177,81,32.5300535,-97.3360332,38.5,1.25,,,,,,
35370,81,32.47150796,-97.74904648,38.5,1.25,,,,,,
993,81,32.4653,-86.0764,38.5,1.25,,,,,,
1471,81,32.4631,-90.11899,38.5,1.25,,,,,,
1723,81,32.3806,-86.2247,38.5,1.25,,,,,,
592,81,32.351,-98.0214,38.5,1.25,,,,,,
35091,81,32.32836,-85.16855,38.5,1.25,,,,,,
35093,81,32.32836,-85.16855,38.5,1.25,,,,,,
35102,81,32.32836,-85.16855,38.5,1.25,,,,,,
954,81,32.2885,-97.417,38.5,1.25,,,,,,
365,81,32.2797,-97.9221,38.5,1.25,,,,,,
1346,81,32.2772,-92.7449,38.5,1.25,,,,,,
1882,81,32.1855,-88.827,38.5,1.25,,,,,,
1884,81,32.1854,-88.8271,38.5,1.25,,,,,,
35515,81,32.1849,-110.8146,38.5,1.25,,,,,,
1628,81,32.1264,-95.4945,38.5,1.25,,,,,,
35409,81,32.0458,-84.8232,38.5,1.25,,,,,,
214,81,31.9804,-98.4858,38.5,1.25,,,,,,
144,81,31.9768,-98.0319,38.5,1.25,,,,,,
35186,81,31.97439897,-81.23436103,38.5,1.25,,,,,,
35187,81,31.97439767,-81.23434198,38.5,1.25,,,,,,
138,81,31.9695,-98.4986,38.5,1.25,,,,,,
34988,81,31.90546066,-85.14062516,38.5,1.25,,,,,,
35821,81,31.895,-85.1458,38.5,1.25,,,,,,
35911,81,31.75374084,-106.4022547,38.5,1.25,,,,,,
35226,81,31.75364196,-106.4022753,38.5,1.25,,,,,,
34977,81,31.6843,-96.478,38.5,1.25,,,,,,
35439,81,31.6445,-94.6463,38.5,1.25,,,,,,
35082,81,31.6444,-94.6466,38.5,1.25,,,,,,
35720,81,31.6319,-94.6481,38.5,1.25,,,,,,
1910,81,31.4895,-88.2814,38.5,1.25,,,,,,
35576,81,31.47456638,-96.22121036,38.5,1.25,,,,,,
1907,81,31.4683,-88.1567,38.5,1.25,,,,,,
111,81,31.4591,-85.6405,38.5,1.25,,,,,,
533,81,31.42438927,-110.4527672,38.5,1.25,,,,,,
538,81,31.42438927,-110.4527672,38.5,1.25,,,,,,
830,81,31.413,-83.329,38.5,1.25,,,,,,
833,81,31.413,-83.329,38.5,1.25,,,,,,
1861,81,31.38380565,-93.61009486,38.5,1.25,,,,,,
1653,81,31.37992,-93.40361481,38.5,1.25,,,,,,
1655,81,31.3572,-84.9363,38.5,1.25,,,,,,
552,81,31.3395,-95.3136,38.5,1.25,,,,,,
35527,81,31.33183178,-85.67522981,38.5,1.25,,,,,,
313,81,31.3138,-90.5019,38.5,1.25,,,,,,
1490,81,31.2899,-87.0734,38.5,1.25,,,,,,
35783,81,31.2622,-93.0095,38.5,1.25,,,,,,
255,81,31.26045982,-95.55244744,38.5,1.25,,,,,,
260,81,31.26045982,-95.55244744,38.5,1.25,,,,,,
286,81,31.26045982,-95.55244744,38.5,1.25,,,,,,
563,81,31.2556,-90.5065,38.5,1.25,,,,,,
35542,81,31.2123,-96.6509,38.5,1.25,,,,,,
1111,81,31.1829,-90.523,38.5,1.25,,,,,,
999,81,31.1685,-97.4457,38.5,1.25,,,,,,
1035,81,31.164,-97.4258,38.5,1.25,,,,,,
1260,81,31.1633,-87.0555,38.5,1.25,,,,,,
800,81,31.0845,-97.6552,38.5,1.25,,,,,,
498,81,31.0802,-83.1732,38.5,1.25,,,,,,
493,81,31.0144,-83.1374,38.5,1.25,,,,,,
504,81,31.0144,-83.1374,38.5,1.25,,,,,,
35724,81,30.9097,-97.2315,38.5,1.25,,,,,,
35414,81,30.9076,-97.2303,38.5,1.25,,,,,,
828,81,30.90689805,-97.22997113,38.5,1.25,,,,,,
1597,81,30.8818,-94.1966,38.5,1.25,,,,,,
539,81,30.8387,-93.7452,38.5,1.25,,,,,,
35236,81,30.837,-91.2139,38.5,1.25,,,,,,
291,81,30.8236,-84.0449,38.5,1.25,,,,,,
34991,81,30.7997,-88.1566,38.5,1.25,,,,,,
35514,81,30.79007972,-81.56803722,38.5,1.25,,,,,,
790,81,30.7799,-81.6529,38.5,1.25,,,,,,
748,81,30.7796,-81.653,38.5,1.25,,,,,,
938,81,30.74887081,-84.93949805,38.5,1.25,,,,,,
1640,81,30.6417734,-81.54359401,38.5,1.25,,,,,,
35110,81,30.6308,-88.2703,38.5,1.25,,,,,,
35711,81,30.61948108,-87.18662076,38.5,1.25,,,,,,
35359,81,30.6154,-95.5274,38.5,1.25,,,,,,
35344,81,30.5547,-95.6158,38.5,1.25,,,,,,
743,81,30.5427,-97.5467,38.5,1.25,,,,,,
996,81,30.5315,-84.1937,38.5,1.25,,,,,,
988,81,30.5303,-84.2065,38.5,1.25,,,,,,
35001,81,30.52398462,-84.35250258,38.5,1.25,,,,,,
35890,81,30.4853,-89.4544,38.5,1.25,,,,,,
35673,81,30.4792,-89.4563,38.5,1.25,,,,,,
208,81,30.4191,-95.6605,38.5,1.25,,,,,,
239,81,30.403,-95.6087,38.5,1.25,,,,,,
207,81,30.4026,-95.6545,38.5,1.25,,,,,,
35758,81,30.35405167,-86.25136261,38.5,1.25,,,,,,
35474,81,30.3296,-89.741,38.5,1.25,,,,,,
35473,81,30.3295,-89.741,38.5,1.25,,,,,,
509,81,30.293,-85.8587,38.5,1.25,,,,,,
601,81,30.2524,-89.8804,38.5,1.25,,,,,,
576,81,30.2335,-85.6907,38.5,1.25,,,,,,
575,81,30.2247,-85.6971,38.5,1.25,,,,,,
35518,81,30.1917,-95.5113,38.5,1.25,,,,,,
35897,81,30.1735,-97.9992,38.5,1.25,,,,,,
35749,81,30.1724,-82.632,38.5,1.25,,,,,,
35084,81,30.16754131,-81.61875277,38.5,1.25,,,,,,
35058,81,30.1033,-95.2988,38.5,1.25,,,,,,
970,81,30.1022771,-97.3640109,38.5,1.25,,,,,,
35850,81,30.1011,-94.4011,38.5,1.25,,,,,,
1338,81,30.0636,-97.8001,38.5,1.25,,,,,,
1340,81,30.0633,-97.8001,38.5,1.25,,,,,,
1342,81,30.0619,-97.802,38.5,1.25,,,,,,
1178,81,30.0531,-95.5221,38.5,1.25,,,,,,
1233,81,30.0447,-90.2796,38.5,1.25,,,,,,
35020,81,30.0134,-98.4498,38.5,1.25,,,,,,
35021,81,30.0133,-98.4498,38.5,1.25,,,,,,
415,81,29.9621,-101.1479,38.5,1.25,,,,,,
35130,81,29.9512,-96.2573,38.5,1.25,,,,,,
35781,81,29.92816218,-96.32575081,38.5,1.25,,,,,,
35466,81,29.8922,-98.2148,38.5,1.25,,,,,,
35683,81,29.817,-94.9619,38.5,1.25,,,,,,
35445,81,29.6715,-95.0066,38.5,1.25,,,,,,
35265,81,29.58928467,-95.54824181,38.5,1.25,,,,,,
319,81,29.5795,-90.6587,38.5,1.25,,,,,,
392,81,29.57519509,-82.06228025,38.5,1.25,,,,,,
35692,81,29.5651,-98.5071,38.5,1.25,,,,,,
35410,81,29.55814099,-95.74644336,38.5,1.25,,,,,,
902,81,29.5214,-98.3303,38.5,1.25,,,,,,
35233,81,29.5195,-95.368,38.5,1.25,,,,,,
34993,81,29.4914,-95.5148,38.5,1.25,,,,,,
35010,81,29.4912,-95.5099,38.5,1.25,,,,,,
35128,81,29.4886,-95.8684,38.5,1.25,,,,,,
1033,81,29.3927,-98.6498,38.5,1.25,,,,,,
741,81,29.30545917,-98.19330171,38.5,1.25,,,,,,
891,81,29.1323,-97.7774,38.5,1.25,,,,,,
862,81,29.1019,-98.1278,38.5,1.25,,,,,,
35827,81,29.07567255,-99.86095783,38.5,1.25,,,,,,
35968,81,29.0507,-95.4507,38.5,1.25,,,,,,
305,81,28.9579,-82.3609,38.5,1.25,,,,,,
808,81,28.9390513,-81.17948454,38.5,1.25,,,,,,
1300,81,28.8449,-81.8563,38.5,1.25,,,,,,
1542,81,28.7762,-81.3077,38.5,1.25,,,,,,
1152,81,28.6614,-81.8539,38.5,1.25,,,,,,
619,81,28.6605,-81.4764,38.5,1.25,,,,,,
256,81,28.64783727,-82.25867085,38.5,1.25,,,,,,
141,81,28.6079,-82.5594,38.5,1.25,,,,,,
35311,81,28.6033,-99.8117,38.5,1.25,,,,,,
35343,81,28.5175,-81.64,38.5,1.25,,,,,,
35042,81,28.4979,-81.5955,38.5,1.25,,,,,,
1194,81,28.48206,-81.78937,38.5,1.25,,,,,,
35043,81,28.4508,-81.6098,38.5,1.25,,,,,,
35045,81,28.4505,-81.6094,38.5,1.25,,,,,,
35044,81,28.45,-81.6096,38.5,1.25,,,,,,
1063,81,28.3346,-97.7556,38.5,1.25,,,,,,
721,81,28.328,-81.4777,38.5,1.25,,,,,,
35532,81,28.2926,-81.3955,38.5,1.25,,,,,,
35455,81,28.260488,-82.153053,38.5,1.25,,,,,,
960,81,28.2397,-82.3279,38.5,1.25,,,,,,
393,81,28.1078,-82.7222,38.5,1.25,,,,,,
35457,81,28.0653,-82.7201,38.5,1.25,,,,,,
35224,81,28.0652,-80.6303,38.5,1.25,,,,,,
1025,81,28.0269,-80.5823,38.5,1.25,,,,,,
1760,81,28.0106,-82.1184,38.5,1.25,,,,,,
35301,81,27.975,-81.9012,38.5,1.25,,,,,,
35738,81,27.94786147,-81.98616776,38.5,1.25,,,,,,
367,81,27.8661,-82.3265,38.5,1.25,,,,,,
438,81,27.8661,-82.3265,38.5,1.25,,,,,,
35996,81,27.8508,-82.2154,38.5,1.25,,,,,,
1742,81,27.60461557,-80.42982142,38.5,1.25,,,,,,
1737,81,27.59816185,-80.42935836,38.5,1.25,,,,,,
596,81,27.5875,-82.4251,38.5,1.25,,,,,,
1729,81,27.58116368,-80.41115968,38.5,1.25,,,,,,
1461,81,27.3072,-98.6784,38.5,1.25,,,,,,
1466,81,27.3013,-82.4585,38.5,1.25,,,,,,
1396,81,27.292,-82.3899,38.5,1.25,,,,,,
1724,81,27.275,-82.2829,38.5,1.25,,,,,,
283,81,26.9894,-82.1029,38.5,1.25,,,,,,
1841,81,26.9118,-82.299,38.5,1.25,,,,,,
1694,81,26.87171,-99.25559,38.5,1.25,,,,,,
35075,81,26.8717,-99.2556,38.5,1.25,,,,,,
1468,81,26.7231,-80.7968,38.5,1.25,,,,,,
35549,81,26.6833,-80.3457,38.5,1.25,,,,,,
35483,81,26.6558,-80.1729,38.5,1.25,,,,,,
35831,81,26.6544,-80.1285,38.5,1.25,,,,,,
408,81,26.6381,-99.0956,38.5,1.25,,,,,,
35934,81,26.6245,-80.1423,38.5,1.25,,,,,,
35715,81,26.6239,-80.1431,38.5,1.25,,,,,,
35360,81,26.6233,-80.144,38.5,1.25,,,,,,
34968,81,26.54468587,-80.13406547,38.5,1.25,,,,,,
1811,81,26.1671,-99.53721,38.5,1.25,,,,,,
35794,81,26.083,-80.2815,38.5,1.25,,,,,,
35927,81,26.0679,-80.2773,38.5,1.25,,,,,,
204,81,11.9132,-43.04,38.5,1.25,,,,,,
35519,81,7.2284,5.2015,38.5,1.25,,,,,,
35812,81,7.1881,21.09375,38.5,1.25,,,,,,
34984,81,-9.5211,84.3478,38.5,1.25,,,,,,
166,81,-17.7872,75.04,38.5,1.25,,,,,,
35308,81,-78.15856,16.40626,38.5,1.25,,,,,,
35303,81,-87.8728,47.2464,38.5,1.25,,,,,,
35773,82,38.63303512,-123.390568,114.8,0.6092,,,,,,
35689,82,36.63551073,-121.8937218,114.8,0.6092,,,,,,
35910,82,36.1927,-122.8058,114.8,0.6092,,,,,,
1730,83,33.3831,-118.3528,114.8,0.6353,,,,,,
1726,83,27.84550174,-80.41361753,114.8,0.6353,,,,,,
1150,85,40.5287,-80.6228,114.8,0.6875,,,,,,
426,85,40.4815,-80.0515,114.8,0.6875,,,,,,
1441,85,40.4804,-80.0514,114.8,0.6875,,,,,,
327,85,39.0258,-94.3642,114.8,0.6875,,,,,,
1775,85,32.705,-80.8273,114.8,0.6875,,,,,,
584,85,30.6285,-95.0156,114.8,0.6875,,,,,,
35287,87,26.59921215,-81.9345427,114.8,0.7397,,,,,,
984,87,24.5596,-81.7792,114.8,0.7397,,,,,,
1558,89,45.6466,-90.7938,114.8,0.7919,,,,,,
35939,89,44.55424,-78.35196,114.8,0.7919,,,,,,
1639,89,42.49650779,-82.88318094,114.8,0.7919,,,,,,
211,89,42.3517,-88.9765,114.8,0.7919,,,,,,
35390,89,42.3039,-82.7006,114.8,0.7919,,,,,,
35798,89,42.1027,-88.2811,114.8,0.7919,,,,,,
1940,89,41.9545714,-75.7043582,114.8,0.7919,,,,,,
1121,89,41.1592,-80.703,114.8,0.7919,,,,,,
656,89,41.09439848,-80.96977068,114.8,0.7919,,,,,,
49,91,NULL,NULL,114.8,0.8441,,,,,,
35454,91,56.2321,-120.8138,114.8,0.8441,,,,,,
61,91,49.7772607,-112.1465072,114.8,0.8441,,,,,,
73,91,49.7770495,-112.1467231,114.8,0.8441,,,,,,
561,91,48.23973071,-101.2879509,114.8,0.8441,,,,,,
35117,91,47.8766,-95.0148,114.8,0.8441,,,,,,
689,91,46.72500186,-100.0162323,114.8,0.8441,,,,,,
34954,91,46.28658131,-94.08493695,114.8,0.8441,,,,,,
34956,91,46.28469128,-94.0686563,114.8,0.8441,,,,,,
1835,91,45.489187,-98.5131925,114.8,0.8441,,,,,,
35376,91,45.3774,-92.8141,114.8,0.8441,,,,,,
96,91,45.3668,-94.2748,114.8,0.8441,,,,,,
35057,91,45.14110572,-90.3488191,114.8,0.8441,,,,,,
35621,91,45.1099,-93.5117,114.8,0.8441,,,,,,
639,91,45.0119747,-74.93694651,114.8,0.8441,,,,,,
340,91,44.98379654,-83.86251628,114.8,0.8441,,,,,,
1278,91,44.9526,-92.9799,114.8,0.8441,,,,,,
831,91,44.91716069,-89.61133623,114.8,0.8441,,,,,,
1102,91,44.57566985,-92.54007952,114.8,0.8441,,,,,,
1892,91,44.55587038,-75.5447609,114.8,0.8441,,,,,,
35053,91,44.34303482,-89.07442204,114.8,0.8441,,,,,,
1524,91,44.3174,-72.0319,114.8,0.8441,,,,,,
395,91,43.79136635,-89.31983901,114.8,0.8441,,,,,,
496,91,43.7621,-74.8419,114.8,0.8441,,,,,,
35397,91,43.4644,-79.6417,114.8,0.8441,,,,,,
35728,91,43.3511,-80.3154,114.8,0.8441,,,,,,
35037,91,43.2811,-84.7744,114.8,0.8441,,,,,,
1175,91,43.1111,-90.0005,114.8,0.8441,,,,,,
579,91,43.1109,-90.0093,114.8,0.8441,,,,,,
705,91,43.1109,-90.0093,114.8,0.8441,,,,,,
1574,91,43.1108,-90.0097,114.8,0.8441,,,,,,
488,91,43.1107,-90.0094,114.8,0.8441,,,,,,
935,91,43.1106,-90.0093,114.8,0.8441,,,,,,
1669,91,43.06237541,-77.0180081,114.8,0.8441,,,,,,
704,91,43.01297511,-87.98523592,114.8,0.8441,,,,,,
1485,91,42.8023,-86.1345,114.8,0.8441,,,,,,
574,91,42.4928,-92.343,114.8,0.8441,,,,,,
1172,91,42.4451,-85.0181,114.8,0.8441,,,,,,
964,91,42.4336,-84.0234,114.8,0.8441,,,,,,
35033,91,42.29759,-81.88837,114.8,0.8441,,,,,,
35435,91,42.2370328,-83.10682048,114.8,0.8441,,,,,,
35826,91,42.23702006,-83.10691889,114.8,0.8441,,,,,,
35833,91,42.1004,-83.1128,114.8,0.8441,,,,,,
1576,91,41.69084089,-85.97024139,114.8,0.8441,,,,,,
822,91,41.0972,-88.2506,114.8,0.8441,,,,,,
35901,91,40.63382662,-81.45528574,114.8,0.8441,,,,,,
414,91,40.0234,-75.068,114.8,0.8441,,,,,,
267,91,38.7852,-104.8074,114.8,0.8441,,,,,,
35956,91,37.4703,-98.0822,114.8,0.8441,,,,,,
35388,92,45.34072226,-122.6630143,114.8,0.8702,,,,,,
6,99,44.60162745,-92.53824591,114.8,1.0529,,,,,,
1618,99,38.251,-93.3757,114.8,1.0529,,,,,,
1971,99,31.3377681,-93.4115122,114.8,1.0529,,,,,,
1130,105,47.68150247,-122.3394176,114.8,1.2095,,,,,,
1021,105,47.1136,-122.611,114.8,1.2095,,,,,,
215,105,45.0471,-92.8206,114.8,1.2095,,,,,,
708,105,44.3810711,-69.2703289,114.8,1.2095,,,,,,
1698,105,42.98606616,-88.19781163,114.8,1.2095,,,,,,
154,105,42.74254044,-88.56413812,114.8,1.2095,,,,,,
546,105,35.9388,-86.8653,114.8,1.2095,,,,,,
671,107,47.6832,-95.3981,40,3.65,,,,,,
1251,107,47.56496761,-122.705741,40,3.65,,,,,,
35336,107,44.9104,-122.9889,40,3.65,,,,,,
35997,107,44.3766,-72.9225,40,3.65,,,,,,
1690,107,44.09662,-108.97736,40,3.65,,,,,,
700,107,43.8035,-122.4089,40,3.65,,,,,,
35744,107,43.6423924,-116.3535146,40,3.65,,,,,,
35931,107,43.62471774,-116.3455612,40,3.65,,,,,,
35264,107,43.4649,-78.7849,40,3.65,,,,,,
34989,107,43.3913,-98.8547,40,3.65,,,,,,
1363,107,43.1141,-89.9685,40,3.65,,,,,,
150,107,42.985687,-88.19720148,40,3.65,,,,,,
1036,107,42.9637,-72.137,40,3.65,,,,,,
851,107,42.8751,-72.8187,40,3.65,,,,,,
786,107,41.9392,-78.6761,40,3.65,,,,,,
35750,107,41.83232,-72.63842,40,3.65,,,,,,
825,107,41.7532,-111.6496,40,3.65,,,,,,
35731,107,41.01018982,-81.97815461,40,3.65,,,,,,
655,107,40.9187,-111.5813,40,3.65,,,,,,
146,107,40.7331,-106.3122,40,3.65,,,,,,
457,107,40.5369,-79.9625,40,3.65,,,,,,
1048,107,40.5305,-79.9769,40,3.65,,,,,,
1167,107,39.42382729,-80.85398526,40,3.65,,,,,,
35427,107,39.4137,-99.4219,40,3.65,,,,,,
1718,107,39.0901,-104.8808,40,3.65,,,,,,
35513,107,38.88130008,-94.32630593,40,3.65,,,,,,
35669,107,38.8697,-94.3376,40,3.65,,,,,,
1995,107,38.3058,-120.8807,40,3.65,,,,,,
557,107,37.7897,-82.3509,40,3.65,,,,,,
12,107,37.5944,-122.1469,40,3.65,,,,,,
17,107,37.2985,-122.0772,40,3.65,,,,,,
888,107,36.5218,-82.1141,40,3.65,,,,,,
762,107,36.4866,-82.1948,40,3.65,,,,,,
871,107,36.48520793,-82.19998841,40,3.65,,,,,,
1319,107,34.1354,-94.6822,40,3.65,,,,,,
35504,107,35.36842,-94.34855,40,3.65,,,,,,
35325,107,35.4114,-91.7709,40,3.65,,,,,,
35663,107,35.4957,-92.0166,40,3.65,,,,,,
920,107,35.5098,-82.4049,40,3.65,,,,,,
35768,108,32.4128,-80.7073,28.12,1.3231,,,,,,
1010,108,32.3788,-80.7175,28.12,1.3231,,,,,,
35495,108,30.3969,-81.3946,28.12,1.3231,,,,,,
35764,108,30.3381,-87.2776,28.12,1.3231,,,,,,
35463,108,30.2212,-93.2238,28.12,1.3231,,,,,,
31,108,29.5583,-95.0359,28.12,1.3231,,,,,,
35951,108,29.5082029,-95.0496003,28.12,1.3231,,,,,,
35736,108,29.39276,-94.92507,28.12,1.3231,,,,,,
35918,108,28.8866,-95.3837,28.12,1.3231,,,,,,
1997,108,27.8753011,-97.07833877,28.12,1.3231,,,,,,
35018,108,27.6823,-97.3122,28.12,1.3231,,,,,,
1186,108,27.6455,-97.2797,28.12,1.3231,,,,,,
1727,108,27.4488085,-80.32071235,28.12,1.3231,,,,,,
1343,108,26.5478,-97.4354,28.12,1.3231,,,,,,
1993,111,39.0595,-77.376,28.54,1.3591,,,,,,
1847,111,38.83887995,-77.13850333,28.54,1.3591,,,,,,
50,111,33.3511,-80.1134,28.54,1.3591,,,,,,
212,111,-53.8524,-13.6,28.54,1.3591,,,,,,
1643,112,30.64175909,-81.54359639,28.68,1.3711,,,,,,
35507,112,28.8363,-97.0637,28.68,1.3711,,,,,,
1949,113,40.5583,-90.0286,28.82,1.3831,,,,,,
952,113,37.3546,-81.8018,28.82,1.3831,,,,,,
848,114,47.176,-122.5356,28.96,1.3951,,,,,,
849,114,47.1757,-122.5358,28.96,1.3951,,,,,,
1863,114,47.1754,-122.5355,28.96,1.3951,,,,,,
1864,114,47.1711,-122.5355,28.96,1.3951,,,,,,
344,114,46.1031,-93.7204,28.96,1.3951,,,,,,
35139,114,45.9939,-95.9767,28.96,1.3951,,,,,,
34953,114,43.60382216,-77.4466117,28.96,1.3951,,,,,,
1688,114,43.06237541,-77.0180081,28.96,1.3951,,,,,,
153,114,43.01371236,-88.22898134,28.96,1.3951,,,,,,
1588,114,42.6338,-75.0325,28.96,1.3951,,,,,,
307,114,34.8581,-87.7149,28.96,1.3951,,,,,,
35619,117,53.7681,-113.1706,29.38,1.4311,,,,,,
80,117,48.9851,-95.1369,29.38,1.4311,,,,,,
35949,117,40.4434,-80.015,29.38,1.4311,,,,,,
34945,118,40.26728,-82.94435,29.52,1.4431,,,,,,
35011,118,38.89859094,-96.85673559,29.52,1.4431,,,,,,
35854,120,30.3699,-87.1149,29.8,1.4671,,,,,,
388,121,34.69480706,-84.4821473,29.94,1.4791,,,,,,
1935,127,48.7777,-118.1313,30.78,1.5511,,,,,,
621,127,47.6999,-122.213,30.78,1.5511,,,,,,
231,127,47.6740898,-116.7262185,30.78,1.5511,,,,,,
1056,127,47.19661264,-122.1383872,30.78,1.5511,,,,,,
56,127,46.4105,-94.7839,30.78,1.5511,,,,,,
1928,127,46.24256,-93.64625,30.78,1.5511,,,,,,
1571,127,45.6256,-122.0159,30.78,1.5511,,,,,,
1475,127,45.0234,-85.7599,30.78,1.5511,,,,,,
35273,127,44.924,-73.3517,30.78,1.5511,,,,,,
1256,127,44.6459,-73.3009,30.78,1.5511,,,,,,
440,127,44.6453,-73.3023,30.78,1.5511,,,,,,
958,127,44.5293,-75.5749,30.78,1.5511,,,,,,
1070,127,44.0329,-88.5148,30.78,1.5511,,,,,,
35034,127,44.0197,-70.4721,30.78,1.5511,,,,,,
1531,127,43.99007373,-85.80163638,30.78,1.5511,,,,,,
1831,127,43.8648,-95.1149,30.78,1.5511,,,,,,
581,127,43.80673699,-75.4746261,30.78,1.5511,,,,,,
35131,127,43.5684,-71.2177,30.78,1.5511,,,,,,
35070,127,43.3413266,-89.0229209,30.78,1.5511,,,,,,
1650,127,43.1068,-90.0077,30.78,1.5511,,,,,,
870,127,42.8963,-72.1491,30.78,1.5511,,,,,,
756,127,42.7983,-89.9704,30.78,1.5511,,,,,,
719,127,42.75977035,-84.76110346,30.78,1.5511,,,,,,
1570,127,42.6338,-75.0325,30.78,1.5511,,,,,,
127,127,42.5645,-88.4685,30.78,1.5511,,,,,,
1554,127,42.3961,-71.6038,30.78,1.5511,,,,,,
587,127,42.09560036,-76.27075074,30.78,1.5511,,,,,,
1333,127,42.09500954,-83.19036539,30.78,1.5511,,,,,,
625,127,42.0786,-76.0556,30.78,1.5511,,,,,,
1502,127,42.0371,-123.1336,30.78,1.5511,,,,,,
1503,127,42.0371,-123.1336,30.78,1.5511,,,,,,
510,127,41.9832,-77.1731,30.78,1.5511,,,,,,
718,127,41.9331,-77.4972,30.78,1.5511,,,,,,
1445,127,41.8829,-84.0989,30.78,1.5511,,,,,,
519,127,41.8404,-86.3607,30.78,1.5511,,,,,,
362,127,41.60623868,-87.95677041,30.78,1.5511,,,,,,
1328,127,41.40644,-81.88708,30.78,1.5511,,,,,,
34994,127,40.9247,-98.3399,30.78,1.5511,,,,,,
1592,127,40.8975,-75.5088,30.78,1.5511,,,,,,
1421,127,40.83781904,-84.57431852,30.78,1.5511,,,,,,
1313,127,40.6466897,-83.6146175,30.78,1.5511,,,,,,
1992,127,40.54898635,-74.67146779,30.78,1.5511,,,,,,
1145,127,40.5248,-80.6279,30.78,1.5511,,,,,,
1148,127,40.5247,-80.6281,30.78,1.5511,,,,,,
1151,127,40.4878,-82.5397,30.78,1.5511,,,,,,
1804,127,40.4385,-79.9973,30.78,1.5511,,,,,,
1605,127,40.2109,-75.3674,30.78,1.5511,,,,,,
1648,127,40.105,-83.1331,30.78,1.5511,,,,,,
1849,127,40.105,-83.1331,30.78,1.5511,,,,,,
379,127,39.9933,-79.2387,30.78,1.5511,,,,,,
731,127,39.4147,-84.4255,30.78,1.5511,,,,,,
1990,127,39.0619,-77.3767,30.78,1.5511,,,,,,
35801,127,38.3925,-91.8218,30.78,1.5511,,,,,,
432,127,37.7293,-81.7912,30.78,1.5511,,,,,,
1686,127,37.6216,-82.1627,30.78,1.5511,,,,,,
732,127,37.5046,-82.5357,30.78,1.5511,,,,,,
678,127,37.3398,-82.3963,30.78,1.5511,,,,,,
1976,127,37.3351,-80.8125,30.78,1.5511,,,,,,
1528,127,37.3153,-80.6432,30.78,1.5511,,,,,,
35848,127,36.835,-83.3256,30.78,1.5511,,,,,,
35450,127,36.8349,-83.3256,30.78,1.5511,,,,,,
35451,127,36.8349,-83.3256,30.78,1.5511,,,,,,
35461,127,36.8346,-83.3256,30.78,1.5511,,,,,,
35248,127,36.52136277,-82.68178122,30.78,1.5511,,,,,,
1799,127,36.4847,-82.8313,30.78,1.5511,,,,,,
1463,127,36.4846,-82.8312,30.78,1.5511,,,,,,
1007,127,36.3175256,-81.95363654,30.78,1.5511,,,,,,
35416,127,36.31136108,-91.52581428,30.78,1.5511,,,,,,
355,127,36.1869,-81.1112,30.78,1.5511,,,,,,
34974,127,35.8849,-118.648,30.78,1.5511,,,,,,
156,127,32.7842,-97.6875,30.78,1.5511,,,,,,
247,127,32.7842,-97.6875,30.78,1.5511,,,,,,
35864,127,32.7007,-97.7724,30.78,1.5511,,,,,,
35651,127,32.5967,-97.7722,30.78,1.5511,,,,,,
35553,127,32.187,-81.153,30.78,1.5511,,,,,,
1895,127,31.1165,-97.4778,30.78,1.5511,,,,,,
947,127,29.8887,-98.338,30.78,1.5511,,,,,,
35440,127,29.66140024,-95.30693457,30.78,1.5511,,,,,,
35766,127,-32.9342,28.0063,30.78,1.5511,,,,,,
1125,128,43.00704492,-89.30691063,30.92,1.5631,,,,,,
1584,128,31.44833257,-93.60647478,30.92,1.5631,,,,,,
1609,128,28.4924,-98.2223,30.92,1.5631,,,,,,
1745,129,27.47002443,-80.32954461,31.06,1.5751,,,,,,
1747,129,27.46986767,-80.32945364,31.06,1.5751,,,,,,
1061,129,27.3008,-82.5417,31.06,1.5751,,,,,,
35551,129,26.9651,-80.0845,31.06,1.5751,,,,,,
1507,129,26.4898,-82.0118,31.06,1.5751,,,,,,
35719,135,40.5218,-88.9202,31.9,1.6471,,,,,,
1950,135,40.3288,-90.0482,31.9,1.6471,,,,,,
224,135,39.5212,-121.4611,31.9,1.6471,,,,,,
730,135,38.27449351,-104.7856763,31.9,1.6471,,,,,,
35763,135,37.9425,-122.2438,31.9,1.6471,,,,,,
1088,135,37.63116863,-120.9865899,31.9,1.6471,,,,,,
35999,135,37.583,-121.1208,31.9,1.6471,,,,,,
1003,135,34.12209672,-84.61540105,31.9,1.6471,,,,,,
1108,135,34.16426,-84.72771,31.9,1.6471,,,,,,
783,135,34.1845,-85.67,31.9,1.6471,,,,,,
1589,135,34.5234,-88.3228,31.9,1.6471,,,,,,
346,135,33.86063474,-86.77421241,31.9,1.6471,,,,,,
35851,135,33.6635,-80.5358,31.9,1.6471,,,,,,
1915,135,33.4487,-84.4546,31.9,1.6471,,,,,,
35104,136,31.8999033,-85.1474502,32.04,1.6591,,,,,,
1427,136,31.19744817,-93.5699623,32.04,1.6591,,,,,,
1873,137,30.397,-86.1685,32.18,1.6711,,,,,,
35246,137,29.2693,-94.8778,32.18,1.6711,,,,,,
35790,137,25.2914,-81.0452,32.18,1.6711,,,,,,
35869,138,42.9972,-79.0225,32.32,1.6831,,,,,,
1830,139,43.46217577,-70.3835943,32.46,1.6951,,,,,,
1079,139,42.4611,-70.9268,32.46,1.6951,,,,,,
1320,139,41.7745,-70.5491,32.46,1.6951,,,,,,
1713,139,41.7402,-71.3083,32.46,1.6951,,,,,,
1563,139,41.3669,-85.054,32.46,1.6951,,,,,,
35693,139,40.6697203,-74.2742698,32.46,1.6951,,,,,,
35610,139,40.6309,-73.2601,32.46,1.6951,,,,,,
35400,139,40.6304,-73.2657,32.46,1.6951,,,,,,
1416,139,40.01998366,-80.73794914,32.46,1.6951,,,,,,
235,139,39.9398,-86.265,32.46,1.6951,,,,,,
35972,139,38.7437,-121.1572,32.46,1.6951,,,,,,
35599,139,38.7286,-121.3,32.46,1.6951,,,,,,
1506,139,37.6353,-122.4911,32.46,1.6951,,,,,,
16,139,37.0807,-121.0494,32.46,1.6951,,,,,,
34973,139,37.0144,-85.0072,32.46,1.6951,,,,,,
1326,139,36.9788,-120.0636,32.46,1.6951,,,,,,
35652,139,36.8506,-121.9325,32.46,1.6951,,,,,,
1500,139,36.7641,-119.7636,32.46,1.6951,,,,,,
35230,139,36.37330039,-83.01562355,32.46,1.6951,,,,,,
34949,139,36.34711423,-75.9509332,32.46,1.6951,,,,,,
35054,139,33.8188,-96.5666,32.46,1.6951,,,,,,
35362,139,32.48521959,-90.9835902,32.46,1.6951,,,,,,
1870,139,31.19703404,-93.5670446,32.46,1.6951,,,,,,
1273,139,31.021,-97.5293,32.46,1.6951,,,,,,
1602,139,25.9491,-80.1734,32.46,1.6951,,,,,,
304,146,43.0127,-88.2299,33.44,1.7791,,,,,,
229,146,39.5932,-77.3024,33.44,1.7791,,,,,,
1664,152,62.1131,-150.0571,34.28,1.8511,,,,,,
35443,152,50.2928,-96.8656,34.28,1.8511,,,,,,
60,152,49.7773103,-112.1466782,34.28,1.8511,,,,,,
59,152,49.7772607,-112.1465072,34.28,1.8511,,,,,,
62,152,49.7772607,-112.1465072,34.28,1.8511,,,,,,
1782,152,48.9013,-95.2493,34.28,1.8511,,,,,,
92,152,48.8791,-94.7659,34.28,1.8511,,,,,,
1019,152,47.876,-119.1954,34.28,1.8511,,,,,,
1896,152,47.45053188,-101.4218602,34.28,1.8511,,,,,,
1013,152,47.3417,-100.6695,34.28,1.8511,,,,,,
532,152,47.15048057,-94.34044978,34.28,1.8511,,,,,,
977,152,47.13373658,-119.2788621,34.28,1.8511,,,,,,
495,152,47.11589482,-94.28335499,34.28,1.8511,,,,,,
35548,152,46.4788,-93.937,34.28,1.8511,,,,,,
121,152,46.4036,-94.781,34.28,1.8511,,,,,,
1925,152,46.24256,-93.64625,34.28,1.8511,,,,,,
1927,152,46.24256,-93.64625,34.28,1.8511,,,,,,
380,152,46.2117,-94.6182,34.28,1.8511,,,,,,
1274,152,45.4082,-96.0905,34.28,1.8511,,,,,,
1987,152,44.9791,-85.2086,34.28,1.8511,,,,,,
1068,152,44.4524,-88.064,34.28,1.8511,,,,,,
220,152,43.6011,-89.7937,34.28,1.8511,,,,,,
1247,152,43.1184,-72.4304,34.28,1.8511,,,,,,
1499,152,42.8766,-90.2031,34.28,1.8511,,,,,,
35547,152,41.8647,-83.7097,34.28,1.8511,,,,,,
966,152,41.8061,-83.424,34.28,1.8511,,,,,,
614,152,41.2735,-96.1909,34.28,1.8511,,,,,,
35508,152,41.21153198,-101.6711505,34.28,1.8511,,,,,,
829,152,41.1559,-81.0969,34.28,1.8511,,,,,,
1899,152,41.10381113,-101.1028503,34.28,1.8511,,,,,,
35266,152,39.58947169,-105.0361453,34.28,1.8511,,,,,,
35262,152,38.7608,-77.3015,34.28,1.8511,,,,,,
1075,152,35.6484,-101.6298,34.28,1.8511,,,,,,
35108,154,36.8227,-75.9828,34.56,1.8751,,,,,,
1738,156,44.8159,-73.2905,34.84,1.8991,,,,,,
1304,156,40.4502,-82.7668,34.84,1.8991,,,,,,
1134,156,40.4104,-111.8931,34.84,1.8991,,,,,,
899,156,40.2888,-82.9566,34.84,1.8991,,,,,,
118,156,32.9955,-97.1319,34.84,1.8991,,,,,,
35718,156,32.8569,-82.9516,34.84,1.8991,,,,,,
1017,157,40.1753,-111.6775,34.98,1.9111,,,,,,
1457,157,37.09559518,-76.40292056,34.98,1.9111,,,,,,
35524,157,36.3726609,-75.968718,34.98,1.9111,,,,,,
266,158,25,-90,35.12,1.9231,,,,,,
1963,164,31.48701368,-93.71167906,35.96,1.9951,,,,,,
1969,165,43.1302,-72.4396,36.1,2.0071,,,,,,
237,166,47.6491,-122.1053,36.24,2.0191,,,,,,
46,166,46.05250241,-95.34594689,36.24,2.0191,,,,,,
1703,166,43.9498,-76.1213,36.24,2.0191,,,,,,
1488,166,43.9497,-76.1225,36.24,2.0191,,,,,,
155,166,43.1666,-88.3118,36.24,2.0191,,,,,,
1459,166,42.8782,-85.8928,36.24,2.0191,,,,,,
35259,166,41.4006,-85.70221,36.24,2.0191,,,,,,
35680,166,41.37640659,-73.05492704,36.24,2.0191,,,,,,
1235,166,41.3496,-73.6647,36.24,2.0191,,,,,,
1645,166,40.7283596,-82.7693704,36.24,2.0191,,,,,,
1179,166,40.4868,-78.2813,36.24,2.0191,,,,,,
35367,166,39.8146339,-75.14198966,36.24,2.0191,,,,,,
34981,166,39.79508784,-76.88968263,36.24,2.0191,,,,,,
35167,166,39.73530506,-74.26439025,36.24,2.0191,,,,,,
627,166,39.313,-76.4332,36.24,2.0191,,,,,,
34952,176,32.45233023,-80.67065319,37.64,2.1391,,,,,,
1836,176,29.28404106,-94.87232382,37.64,2.1391,,,,,,
1972,181,31.34097357,-93.41370797,38.34,2.1991,,,,,,
137,186,33.6566,-118.0025,39.04,2.2591,,,,,,
8,192,47.68458511,-122.3367196,39.88,2.3311,,,,,,
24,192,47.6399,-122.3312,39.88,2.3311,,,,,,
1410,192,47.55924855,-117.6549557,39.88,2.3311,,,,,,
34964,192,46.28393524,-94.0694422,39.88,2.3311,,,,,,
152,192,43.16737436,-88.31323079,39.88,2.3311,,,,,,
35727,192,42.12978773,-80.10738969,39.88,2.3311,,,,,,
35060,192,40.59297444,-74.35602329,39.88,2.3311,,,,,,
1951,192,40.4095,-90.3214,39.88,2.3311,,,,,,
34992,192,39.1987,-76.5253,39.88,2.3311,,,,,,
943,192,36.8888,-76.1655,39.88,2.3311,,,,,,
35921,192,27.94461493,-81.98514228,39.88,2.3311,,,,,,
1479,197,49.6335,-82.7165,40.58,2.3911,,,,,,
124,200,33.4599,-86.3188,41,2.4271,,,,,,
133,204,47.8557,-120.0607,41.56,2.4751,,,,,,
35375,209,62.6914,-131.0538,42.26,2.5351,,,,,,
9,209,48.76039207,-122.4230881,42.26,2.5351,,,,,,
47,209,45.41062715,-94.54619081,42.26,2.5351,,,,,,
1296,209,42.8782,-85.8928,42.26,2.5351,,,,,,
35185,209,42.0659,-123.6323,42.26,2.5351,,,,,,
522,209,41.45026,-90.55569833,42.26,2.5351,,,,,,
971,209,40.8154,-123.6969,42.26,2.5351,,,,,,
1096,209,40.5249,-80.6288,42.26,2.5351,,,,,,
1400,209,39.91578684,-80.7665396,42.26,2.5351,,,,,,
35051,209,39.8224,-83.4237,42.26,2.5351,,,,,,
1047,209,39.53774002,-105.097144,42.26,2.5351,,,,,,
35150,209,39.5222,-88.3123,42.26,2.5351,,,,,,
1402,209,39.00430014,-93.9600447,42.26,2.5351,,,,,,
1381,209,38.9962,-93.7909,42.26,2.5351,,,,,,
459,209,38.6595412,-94.91029726,42.26,2.5351,,,,,,
1375,209,38.1755,-92.7835,42.26,2.5351,,,,,,
35965,209,37.9939,-86.18,42.26,2.5351,,,,,,
1513,209,36.0762,-86.5741,42.26,2.5351,,,,,,
35620,209,35.0265,-87.7226,42.26,2.5351,,,,,,
807,209,33.1313,-80.107,42.26,2.5351,,,,,,
729,209,32.3737,-97.6878,42.26,2.5351,,,,,,
34934,209,31.9574,-83.9174,42.26,2.5351,,,,,,
35891,209,30.3215,-90.6848,42.26,2.5351,,,,,,
1876,215,30.1892,-85.8317,43.1,2.6071,,,,,,
1572,215,29.1515,-80.9192,43.1,2.6071,,,,,,
23,218,47.3515,-121.3017,43.52,2.6431,,,,,,
151,218,44.45118603,-87.31673308,43.52,2.6431,,,,,,
1939,218,43.956,-76.1076,43.52,2.6431,,,,,,
35967,218,43.9052089,-78.80383677,43.52,2.6431,,,,,,
35657,218,43.90418524,-78.80381993,43.52,2.6431,,,,,,
35906,218,43.90391854,-78.80384883,43.52,2.6431,,,,,,
864,218,43.5756,-76.2038,43.52,2.6431,,,,,,
780,218,43.5693,-76.1702,43.52,2.6431,,,,,,
544,221,47.3829,-122.826,43.94,2.6791,,,,,,
35232,222,47.90593,-122.38875,44.08,2.6911,,,,,,
34986,222,43.0823,-77.4807,44.08,2.6911,,,,,,
820,222,39.0716,-108.5456,44.08,2.6911,,,,,,
1819,223,27.479,-82.6534,44.22,2.7031,,,,,,
272,223,26.52419519,-80.05199811,44.22,2.7031,,,,,,
1798,233,43.7481,-122.4654,45.62,2.8231,,,,,,
35723,235,29.6942,-83.4749,45.9,2.8471,,,,,,
418,237,33.1621,-96.9899,46.18,2.8711,,,,,,
35538,237,31.558,-84.6609,46.18,2.8711,,,,,,
35672,238,44.11992434,-121.332577,46.32,2.8831,,,,,,
35898,240,29.7148,-95.2097,46.6,2.9071,,,,,,
58,241,49.7770247,-112.1466376,46.74,2.9191,,,,,,
1817,245,36.60497665,-121.8892511,47.3,2.9671,,,,,,
1353,246,38.6405,-77.2508,47.44,2.9791,,,,,,
35366,248,28.30922596,-82.39152079,47.72,3.0031,,,,,,
312,253,47.93158248,-122.2253385,48.42,3.0631,,,,,,
573,253,44.1491,-93.9802,48.42,3.0631,,,,,,
1675,253,42.98616512,-88.19787052,48.42,3.0631,,,,,,
590,253,36.2179,-76.1196,48.42,3.0631,,,,,,
1031,253,35.9767,-86.6785,48.42,3.0631,,,,,,
1369,253,30.8133,-81.7129,48.42,3.0631,,,,,,
35559,254,26.6006,-80.087,48.56,3.0751,,,,,,
1814,260,31.8831626,-93.16961867,49.4,3.1471,,,,,,
1661,266,40.7886,-72.6683,50.24,3.2191,,,,,,
1845,267,44.5735,-93.525,50.38,3.2311,,,,,,
1327,267,35.6934,-82.5725,50.38,3.2311,,,,,,
1765,269,27.56531454,-80.37876094,50.66,3.2551,,,,,,
934,270,29.58512466,-95.24188948,50.8,3.2671,,,,,,
595,270,26.22942345,-80.2987301,50.8,3.2671,,,,,,
1024,274,48.6484,-94.2242,51.36,3.3151,,,,,,
35385,275,40.8914,-111.581,51.5,3.3271,,,,,,
1973,275,31.3410882,-93.4137883,51.5,3.3271,,,,,,
35137,278,39.578,-106.0888,51.92,3.3631,,,,,,
35602,283,36.8998,-76.0395,52.62,3.4231,,,,,,
35627,283,36.897,-76.035,52.62,3.4231,,,,,,
35458,283,36.7712,-76.0148,52.62,3.4231,,,,,,
35086,283,29.29532,-94.80791,52.62,3.4231,,,,,,
35380,283,29.29532,-94.80791,52.62,3.4231,,,,,,
35740,286,42.539,-73.958,53.04,3.4591,,,,,,
35800,286,40.0048,-74.8219,53.04,3.4591,,,,,,
35713,286,35.4945,-97.7642,53.04,3.4591,,,,,,
35706,297,26.7194,-81.6935,54.58,3.5911,,,,,,
35708,297,26.5948,-81.8355,54.58,3.5911,,,,,,
35707,297,26.5947,-81.8358,54.58,3.5911,,,,,,
35737,297,26.09991986,-80.24871787,54.58,3.5911,,,,,,
35791,297,25.3181,-81.0225,54.58,3.5911,,,,,,
35364,297,18.4577892,-66.1303193,54.58,3.5911,,,,,,
35031,300,29.27,-94.8469,55,3.6271,,,,,,
35915,300,29.0877,-95.1288,55,3.6271,,,,,,
35274,317,40.6766,-79.9369,57.38,3.8311,,,,,,
35177,317,32.09922553,-95.43063192,57.38,3.8311,,,,,,
100,91,,,,,,,,,,
